No.;Time;;Time1;Time2;Delay;;Delay1;Delay2;Jitter
13;3,572211;;3,572211;3,801432;0,229221;;0,228932;-0,001039;-0,229971
14;3,801432;;3,801432;3,801721;0,000289;;-0,001039;-0,215985;-0,214946
15;3,801721;;3,801721;3,803049;0,001328;;-0,215985;0,21642;0,432405
16;3,803049;;3,803049;4,020362;0,217313;;0,21642;0,000724;-0,215696
17;4,020362;;4,020362;4,021255;0,000893;;0,000724;-0,038454;-0,039178
18;4,021255;;4,021255;4,021424;0,000169;;-0,038454;-0,187527;-0,149073
19;4,021424;;4,021424;4,060047;0,038623;;-0,187527;0,22615;0,413677
20;4,060047;;4,060047;4,286197;0,22615;;0,22615;-0,000296;-0,226446
21;4,286197;;4,286197;4,286197;0;;-0,000296;-0,00332;-0,003024
22;4,286197;;4,286197;4,286493;0,000296;;-0,00332;0,003254;0,006574
23;4,286493;;4,286493;4,290109;0,003616;;0,003254;9,00E-06;-0,003245
24;4,290109;;4,290109;4,290471;0,000362;;9,00E-06;-7,10E-05;-8,00E-05
25;4,290471;;4,290471;4,290824;0,000353;;-7,10E-05;-0,214571;-0,2145
26;4,290824;;4,290824;4,291248;0,000424;;-0,214571;0,203203;0,417774
27;4,291248;;4,291248;4,506243;0,214995;;0,203203;0,010767;-0,192436
28;4,506243;;4,506243;4,518035;0,011792;;0,010767;0,001025;-0,009742
29;4,518035;;4,518035;4,51906;0,001025;;0,001025;-0,000247;-0,001272
30;4,51906;;4,51906;4,51906;0;;-0,000247;-16,985397;-16,98515
31;4,51906;;4,51906;4,519307;0,000247;;-16,985397;16,945518;33,930915
32;4,519307;;4,519307;21,504951;16,985644;;16,945518;-0,178058;-17,123576
47;21,504951;;21,504951;21,545077;0,040126;;-0,178058;0,163238;0,341296
48;21,545077;;21,545077;21,763261;0,218184;;0,163238;-3,813475;-3,976713
49;21,763261;;21,763261;21,818207;0,054946;;-3,813475;3,817906;7,631381
50;21,818207;;21,818207;25,686628;3,868421;;3,817906;-17,019211;-20,837117
53;25,686628;;25,686628;25,737143;0,050515;;-17,019211;17,069573;34,088784
54;25,737143;;25,737143;42,806869;17,069726;;17,069573;-0,404997;-17,47457
83;42,806869;;42,806869;42,807022;0,000153;;-0,404997;0,405003;0,81
84;42,807022;;42,807022;43,212172;0,40515;;0,405003;-1,285387;-1,69039
85;43,212172;;43,212172;43,212319;0,000147;;-1,285387;1,241108;2,526495
86;43,212319;;43,212319;44,497853;1,285534;;1,241108;-0,171184;-1,412292
87;44,497853;;44,497853;44,542279;0,044426;;-0,171184;0,164819;0,336003
88;44,542279;;44,542279;44,757889;0,21561;;0,164819;-23,642083;-23,806902
89;44,757889;;44,757889;44,80868;0,050791;;-23,642083;23,650095;47,292178
90;44,80868;;44,80868;68,501554;23,692874;;23,650095;-0,175822;-23,825917
117;68,501554;;68,501554;68,544333;0,042779;;-0,175822;0,169128;0,34495
118;68,544333;;68,544333;68,762934;0,218601;;0,169128;-1,886642;-2,05577
119;68,762934;;68,762934;68,812407;0,049473;;-1,886642;1,872649;3,759291
120;68,812407;;68,812407;70,748522;1,936115;;1,872649;-10,626072;-12,498721
121;70,748522;;70,748522;70,811988;0,063466;;-10,626072;10,647128;21,2732
122;70,811988;;70,811988;81,501526;10,689538;;10,647128;-0,175455;-10,822583
126;81,501526;;81,501526;81,543936;0,04241;;-0,175455;0,170263;0,345718
127;81,543936;;81,543936;81,761801;0,217865;;0,170263;-10,681341;-10,851604
128;81,761801;;81,761801;81,809403;0,047602;;-10,681341;10,401179;21,08252
129;81,809403;;81,809403;92,538346;10,728943;;10,401179;0,327529;-10,07365
134;92,538346;;92,538346;92,86611;0,327764;;0,327529;-7,62624;-7,953769
135;92,86611;;92,86611;92,866345;0,000235;;-7,62624;7,572609;15,198849
136;92,866345;;92,866345;100,49282;7,626475;;7,572609;-0,164147;-7,736756
170;100,49282;;100,49282;100,546686;0,053866;;-0,164147;0,175702;0,339849
171;100,546686;;100,546686;100,764699;0,218013;;0,175702;-3,397885;-3,573587
184;100,764699;;100,764699;100,80701;0,042311;;-3,397885;3,440023;6,837908
185;100,80701;;100,80701;104,247206;3,440196;;3,440023;-0,404222;-3,844245
209;104,247206;;104,247206;104,247379;0,000173;;-0,404222;0,404234;0,808456
210;104,247379;;104,247379;104,651774;0,404395;;0,404234;-3,681787;-4,086021
211;104,651774;;104,651774;104,651935;0,000161;;-3,681787;3,471859;7,153646
212;104,651935;;104,651935;108,333883;3,681948;;3,471859;-0,178969;-3,650828
213;108,333883;;108,333883;108,543972;0,210089;;-0,178969;-0,448867;-0,269898
214;108,543972;;108,543972;108,93303;0,389058;;-0,448867;-5,211904;-4,763037
215;108,93303;;108,93303;109,770955;0,837925;;-5,211904;5,827353;11,039257
216;109,770955;;109,770955;115,820784;6,049829;;5,827353;-0,895138;-6,722491
217;115,820784;;115,820784;116,04326;0,222476;;-0,895138;1,117453;2,012591
218;116,04326;;116,04326;117,160874;1,117614;;1,117453;-4,335929;-5,453382
219;117,160874;;117,160874;117,161035;0,000161;;-4,335929;4,298356;8,634285
220;117,161035;;117,161035;121,497125;4,33609;;4,298356;-0,189597;-4,487953
224;121,497125;;121,497125;121,534859;0,037734;;-0,189597;0,18208;0,371677
225;121,534859;;121,534859;121,76219;0,227331;;0,18208;-9,957236;-10,139316
226;121,76219;;121,76219;121,807441;0,045251;;-9,957236;9,952478;19,909714
227;121,807441;;121,807441;131,809928;10,002487;;9,952478;-7,685198;-17,637676
228;131,809928;;131,809928;131,859937;0,050009;;-7,685198;7,525433;15,210631
229;131,859937;;131,859937;139,595144;7,735207;;7,525433;0,209628;-7,315805
233;139,595144;;139,595144;139,804918;0,209774;;0,209628;-0,000485;-0,210113
235;139,804918;;139,804918;139,805064;0,000146;;-0,000485;-0,064346;-0,063861
236;139,805064;;139,805064;139,805695;0,000631;;-0,064346;-0,09035;-0,026004
237;139,805695;;139,805695;139,870672;0,064977;;-0,09035;0,15517;0,24552
240;139,870672;;139,870672;140,025999;0,155327;;0,15517;-0,008421;-0,163591
242;140,025999;;140,025999;140,026156;0,000157;;-0,008421;0,008578;0,016999
243;140,026156;;140,026156;140,034734;0,008578;;0,008578;-0,000229;-0,008807
244;140,034734;;140,034734;140,034734;0;;-0,000229;-0,000339;-0,00011
245;140,034734;;140,034734;140,034963;0,000229;;-0,000339;0,000454;0,000793
246;140,034963;;140,034963;140,035531;0,000568;;0,000454;-0,012407;-0,012861
247;140,035531;;140,035531;140,035645;0,000114;;-0,012407;-0,102406;-0,089999
248;140,035645;;140,035645;140,048166;0,012521;;-0,102406;0,11464;0,217046
249;140,048166;;140,048166;140,163093;0,114927;;0,11464;-0,004577;-0,119217
250;140,163093;;140,163093;140,16338;0,000287;;-0,004577;-0,092997;-0,08842
251;140,16338;;140,16338;140,168244;0,004864;;-0,092997;0,095001;0,187998
252;140,168244;;140,168244;140,266105;0,097861;;0,095001;0,002219;-0,092782
253;140,266105;;140,266105;140,268965;0,00286;;0,002219;-0,177109;-0,179328
254;140,268965;;140,268965;140,269606;0,000641;;-0,177109;0,17775;0,354859
255;140,269606;;140,269606;140,447356;0,17775;;0,17775;-0,000171;-0,177921
256;140,447356;;140,447356;140,447356;0;;-0,000171;-6,00E-05;0,000111
257;140,447356;;140,447356;140,447527;0,000171;;-6,00E-05;-0,042228;-0,042168
258;140,447527;;140,447527;140,447758;0,000231;;-0,042228;0,04211;0,084338
259;140,447758;;140,447758;140,490217;0,042459;;0,04211;-0,0105;-0,05261
260;140,490217;;140,490217;140,490566;0,000349;;-0,0105;-0,030799;-0,020299
261;140,490566;;140,490566;140,501415;0,010849;;-0,030799;0,030388;0,061187
262;140,501415;;140,501415;140,543063;0,041648;;0,030388;-0,202561;-0,232949
268;140,543063;;140,543063;140,554323;0,01126;;-0,202561;0,213619;0,41618
269;140,554323;;140,554323;140,768144;0,213821;;0,213619;-0,010105;-0,223724
292;140,768144;;140,768144;140,768346;0,000202;;-0,010105;0,010307;0,020412
293;140,768346;;140,768346;140,778653;0,010307;;0,010307;-0,000149;-0,010456
294;140,778653;;140,778653;140,778653;0;;-0,000149;-4,60E-05;0,000103
295;140,778653;;140,778653;140,778802;0,000149;;-4,60E-05;-0,016514;-0,016468
296;140,778802;;140,778802;140,778997;0,000195;;-0,016514;0,016421;0,032935
297;140,778997;;140,778997;140,795706;0,016709;;0,016421;-3,90E-05;-0,01646
298;140,795706;;140,795706;140,795994;0,000288;;-3,90E-05;9,60E-05;0,000135
299;140,795994;;140,795994;140,796321;0,000327;;9,60E-05;-0,284756;-0,284852
300;140,796321;;140,796321;140,796552;0,000231;;-0,284756;0,275157;0,559913
301;140,796552;;140,796552;141,081539;0,284987;;0,275157;0,00983;-0,265327
302;141,081539;;141,081539;141,091369;0,00983;;0,00983;-0,000189;-0,010019
303;141,091369;;141,091369;141,091369;0;;-0,000189;-0,00012;6,90E-05
304;141,091369;;141,091369;141,091558;0,000189;;-0,00012;-0,043168;-0,043048
305;141,091558;;141,091558;141,091867;0,000309;;-0,043168;-0,810046;-0,766878
306;141,091867;;141,091867;141,135344;0,043477;;-0,810046;0,853131;1,663177
307;141,135344;;141,135344;141,988867;0,853523;;0,853131;0,000392;-0,852739
308;141,988867;;141,988867;141,989259;0,000392;;0,000392;0;-0,000392
309;141,989259;;141,989259;141,989259;0;;0;0;0
310;141,989259;;141,989259;141,989259;0;;0;0;0
311;141,989259;;141,989259;141,989259;0;;0;0;0
312;141,989259;;141,989259;141,989259;0;;0;0;0
313;141,989259;;141,989259;141,989259;0;;0;-0,31105;-0,31105
314;141,989259;;141,989259;141,989259;0;;-0,31105;0,310181;0,621231
315;141,989259;;141,989259;142,300309;0,31105;;0,310181;0,000869;-0,309312
316;142,300309;;142,300309;142,301178;0,000869;;0,000869;0;-0,000869
317;142,301178;;142,301178;142,301178;0;;0;0;0
318;142,301178;;142,301178;142,301178;0;;0;0;0
319;142,301178;;142,301178;142,301178;0;;0;-0,00026;-0,00026
320;142,301178;;142,301178;142,301178;0;;-0,00026;4,40E-05;0,000304
321;142,301178;;142,301178;142,301438;0,00026;;4,40E-05;6,00E-05;1,60E-05
322;142,301438;;142,301438;142,301654;0,000216;;6,00E-05;-0,009742;-0,009802
323;142,301654;;142,301654;142,30181;0,000156;;-0,009742;0,009898;0,01964
324;142,30181;;142,30181;142,311708;0,009898;;0,009898;0;-0,009898
325;142,311708;;142,311708;142,311708;0;;0;0;0
326;142,311708;;142,311708;142,311708;0;;0;0;0
327;142,311708;;142,311708;142,311708;0;;0;0;0
328;142,311708;;142,311708;142,311708;0;;0;-8,10E-05;-8,10E-05
329;142,311708;;142,311708;142,311708;0;;-8,10E-05;2,30E-05;0,000104
330;142,311708;;142,311708;142,311789;8,10E-05;;2,30E-05;5,00E-06;-1,80E-05
331;142,311789;;142,311789;142,311847;5,80E-05;;5,00E-06;2,00E-06;-3,00E-06
332;142,311847;;142,311847;142,3119;5,30E-05;;2,00E-06;-0,001702;-0,001704
333;142,3119;;142,3119;142,311951;5,10E-05;;-0,001702;0,00171;0,003412
334;142,311951;;142,311951;142,313704;0,001753;;0,00171;-0,001943;-0,003653
335;142,313704;;142,313704;142,313747;4,30E-05;;-0,001943;0,00193;0,003873
336;142,313747;;142,313747;142,315733;0,001986;;0,00193;-0,000822;-0,002752
337;142,315733;;142,315733;142,315789;5,60E-05;;-0,000822;0,000787;0,001609
338;142,315789;;142,315789;142,316667;0,000878;;0,000787;-0,001664;-0,002451
339;142,316667;;142,316667;142,316758;9,10E-05;;-0,001664;0,001684;0,003348
340;142,316758;;142,316758;142,318513;0,001755;;0,001684;-0,010677;-0,012361
341;142,318513;;142,318513;142,318584;7,10E-05;;-0,010677;0,010748;0,021425
342;142,318584;;142,318584;142,329332;0,010748;;0,010748;-5,90E-05;-0,010807
343;142,329332;;142,329332;142,329332;0;;-5,90E-05;-5,00E-06;5,40E-05
344;142,329332;;142,329332;142,329391;5,90E-05;;-5,00E-06;-0,000103;-9,80E-05
345;142,329391;;142,329391;142,329455;6,40E-05;;-0,000103;0,000143;0,000246
346;142,329455;;142,329455;142,329622;0,000167;;0,000143;-0,001077;-0,00122
347;142,329622;;142,329622;142,329646;2,40E-05;;-0,001077;0,001101;0,002178
348;142,329646;;142,329646;142,330747;0,001101;;0,001101;-6,10E-05;-0,001162
349;142,330747;;142,330747;142,330747;0;;-6,10E-05;-1,00E-06;6,00E-05
350;142,330747;;142,330747;142,330808;6,10E-05;;-1,00E-06;-0,005275;-0,005274
351;142,330808;;142,330808;142,33087;6,20E-05;;-0,005275;0,005337;0,010612
352;142,33087;;142,33087;142,336207;0,005337;;0,005337;-7,20E-05;-0,005409
353;142,336207;;142,336207;142,336207;0;;-7,20E-05;-2,80E-05;4,40E-05
354;142,336207;;142,336207;142,336279;7,20E-05;;-2,80E-05;-0,167109;-0,167081
355;142,336279;;142,336279;142,336379;0,0001;;-0,167109;0,124728;0,291837
356;142,336379;;142,336379;142,503588;0,167209;;0,124728;-0,004768;-0,129496
357;142,503588;;142,503588;142,546069;0,042481;;-0,004768;0,04712;0,051888
358;142,546069;;142,546069;142,593318;0,047249;;0,04712;-0,010043;-0,057163
359;142,593318;;142,593318;142,593447;0,000129;;-0,010043;0,00988;0,019923
360;142,593447;;142,593447;142,603619;0,010172;;0,00988;0,000292;-0,009588
361;142,603619;;142,603619;142,603911;0,000292;;0,000292;-8,90E-05;-0,000381
362;142,603911;;142,603911;142,603911;0;;-8,90E-05;-0,000922;-0,000833
363;142,603911;;142,603911;142,604;8,90E-05;;-0,000922;-0,000504;0,000418
364;142,604;;142,604;142,605011;0,001011;;-0,000504;0,001426;0,00193
365;142,605011;;142,605011;142,606526;0,001515;;0,001426;-0,001684;-0,00311
366;142,606526;;142,606526;142,606615;8,90E-05;;-0,001684;0,001683;0,003367
367;142,606615;;142,606615;142,608388;0,001773;;0,001683;-0,000966;-0,002649
368;142,608388;;142,608388;142,608478;9,00E-05;;-0,000966;0,000973;0,001939
369;142,608478;;142,608478;142,609534;0,001056;;0,000973;-0,00213;-0,003103
370;142,609534;;142,609534;142,609617;8,30E-05;;-0,00213;0,000314;0,002444
371;142,609617;;142,609617;142,61183;0,002213;;0,000314;0,001795;0,001481
372;142,61183;;142,61183;142,613729;0,001899;;0,001795;-0,000667;-0,002462
373;142,613729;;142,613729;142,613833;0,000104;;-0,000667;0,000655;0,001322
374;142,613833;;142,613833;142,614604;0,000771;;0,000655;-0,001736;-0,002391
375;142,614604;;142,614604;142,61472;0,000116;;-0,001736;0,001748;0,003484
376;142,61472;;142,61472;142,616572;0,001852;;0,001748;-0,001863;-0,003611
377;142,616572;;142,616572;142,616676;0,000104;;-0,001863;0,001832;0,003695
378;142,616676;;142,616676;142,618643;0,001967;;0,001832;-0,002212;-0,004044
379;142,618643;;142,618643;142,618778;0,000135;;-0,002212;0,002203;0,004415
380;142,618778;;142,618778;142,621125;0,002347;;0,002203;-0,141646;-0,143849
381;142,621125;;142,621125;142,621269;0,000144;;-0,141646;0,088485;0,230131
382;142,621269;;142,621269;142,763059;0,14179;;0,088485;-0,011386;-0,099871
383;142,763059;;142,763059;142,816364;0,053305;;-0,011386;0,064543;0,075929
384;142,816364;;142,816364;142,881055;0,064691;;0,064543;-0,000526;-0,065069
385;142,881055;;142,881055;142,881203;0,000148;;-0,000526;0,000674;0,0012
386;142,881203;;142,881203;142,881877;0,000674;;0,000674;-0,000135;-0,000809
387;142,881877;;142,881877;142,881877;0;;-0,000135;-0,005217;-0,005082
388;142,881877;;142,881877;142,882012;0,000135;;-0,005217;0,005352;0,010569
389;142,882012;;142,882012;142,887364;0,005352;;0,005352;-0,000163;-0,005515
390;142,887364;;142,887364;142,887364;0;;-0,000163;-3,30E-05;0,00013
391;142,887364;;142,887364;142,887527;0,000163;;-3,30E-05;-0,008881;-0,008848
392;142,887527;;142,887527;142,887723;0,000196;;-0,008881;0,009077;0,017958
393;142,887723;;142,887723;142,8968;0,009077;;0,009077;-0,000152;-0,009229
394;142,8968;;142,8968;142,8968;0;;-0,000152;-0,000137;1,50E-05
395;142,8968;;142,8968;142,896952;0,000152;;-0,000137;0,000201;0,000338
396;142,896952;;142,896952;142,897241;0,000289;;0,000201;-0,075549;-0,07575
397;142,897241;;142,897241;142,897329;8,80E-05;;-0,075549;0,075248;0,150797
398;142,897329;;142,897329;142,972966;0,075637;;0,075248;-0,308447;-0,383695
399;142,972966;;142,972966;142,973355;0,000389;;-0,308447;0,308836;0,617283
400;142,973355;;142,973355;143,282191;0,308836;;0,308836;-0,00033;-0,309166
401;143,282191;;143,282191;143,282191;0;;-0,00033;0,00025;0,00058
402;143,282191;;143,282191;143,282521;0,00033;;0,00025;-0,008797;-0,009047
403;143,282521;;143,282521;143,282601;8,00E-05;;-0,008797;0,008561;0,017358
404;143,282601;;143,282601;143,291478;0,008877;;0,008561;-0,079043;-0,087604
405;143,291478;;143,291478;143,291794;0,000316;;-0,079043;0,043388;0,122431
406;143,291794;;143,291794;143,371153;0,079359;;0,043388;0,035869;-0,007519
410;143,371153;;143,371153;143,407124;0,035971;;0,035869;-0,000141;-0,03601
412;143,407124;;143,407124;143,407226;0,000102;;-0,000141;-0,044906;-0,044765
413;143,407226;;143,407226;143,407469;0,000243;;-0,044906;0,04298;0,087886
414;143,407469;;143,407469;143,452618;0,045149;;0,04298;0,002028;-0,040952
415;143,452618;;143,452618;143,454787;0,002169;;0,002028;-0,001919;-0,003947
416;143,454787;;143,454787;143,454928;0,000141;;-0,001919;0,001881;0,0038
417;143,454928;;143,454928;143,456988;0,00206;;0,001881;-0,003456;-0,005337
418;143,456988;;143,456988;143,457167;0,000179;;-0,003456;0,003635;0,007091
419;143,457167;;143,457167;143,460802;0,003635;;0,003635;-0,000159;-0,003794
420;143,460802;;143,460802;143,460802;0;;-0,000159;-0,002699;-0,00254
421;143,460802;;143,460802;143,460961;0,000159;;-0,002699;0,002858;0,005557
422;143,460961;;143,460961;143,463819;0,002858;;0,002858;-0,000131;-0,002989
423;143,463819;;143,463819;143,463819;0;;-0,000131;-0,002161;-0,00203
424;143,463819;;143,463819;143,46395;0,000131;;-0,002161;-0,036197;-0,034036
425;143,46395;;143,46395;143,466242;0,002292;;-0,036197;0,037531;0,073728
426;143,466242;;143,466242;143,504731;0,038489;;0,037531;0,000872;-0,036659
427;143,504731;;143,504731;143,505689;0,000958;;0,000872;-0,002707;-0,003579
428;143,505689;;143,505689;143,505775;8,60E-05;;-0,002707;0,002685;0,005392
429;143,505775;;143,505775;143,508568;0,002793;;0,002685;-0,000642;-0,003327
430;143,508568;;143,508568;143,508676;0,000108;;-0,000642;0,000629;0,001271
431;143,508676;;143,508676;143,509426;0,00075;;0,000629;-0,003022;-0,003651
432;143,509426;;143,509426;143,509547;0,000121;;-0,003022;0,003143;0,006165
433;143,509547;;143,509547;143,51269;0,003143;;0,003143;-0,000163;-0,003306
434;143,51269;;143,51269;143,51269;0;;-0,000163;-0,002203;-0,00204
435;143,51269;;143,51269;143,512853;0,000163;;-0,002203;-0,037634;-0,035431
436;143,512853;;143,512853;143,515219;0,002366;;-0,037634;0,039843;0,077477
437;143,515219;;143,515219;143,555219;0,04;;0,039843;-0,001314;-0,041157
438;143,555219;;143,555219;143,555376;0,000157;;-0,001314;0,00135;0,002664
439;143,555376;;143,555376;143,556847;0,001471;;0,00135;-0,001595;-0,002945
440;143,556847;;143,556847;143,556968;0,000121;;-0,001595;0,001547;0,003142
441;143,556968;;143,556968;143,558684;0,001716;;0,001547;-0,003938;-0,005485
442;143,558684;;143,558684;143,558853;0,000169;;-0,003938;0,003972;0,00791
443;143,558853;;143,558853;143,56296;0,004107;;0,003972;-0,000648;-0,00462
444;143,56296;;143,56296;143,563095;0,000135;;-0,000648;0,000783;0,001431
445;143,563095;;143,563095;143,563878;0,000783;;0,000783;-9,60E-05;-0,000879
446;143,563878;;143,563878;143,563878;0;;-9,60E-05;-0,002096;-0,002
447;143,563878;;143,563878;143,563974;9,60E-05;;-0,002096;-0,044633;-0,042537
448;143,563974;;143,563974;143,566166;0,002192;;-0,044633;0,045332;0,089965
449;143,566166;;143,566166;143,612991;0,046825;;0,045332;0,001394;-0,043938
450;143,612991;;143,612991;143,614484;0,001493;;0,001394;-0,002531;-0,003925
451;143,614484;;143,614484;143,614583;9,90E-05;;-0,002531;0,00263;0,005161
452;143,614583;;143,614583;143,617213;0,00263;;0,00263;-0,000124;-0,002754
453;143,617213;;143,617213;143,617213;0;;-0,000124;-0,000181;-5,70E-05
454;143,617213;;143,617213;143,617337;0,000124;;-0,000181;0,000206;0,000387
455;143,617337;;143,617337;143,617642;0,000305;;0,000206;-0,000498;-0,000704
456;143,617642;;143,617642;143,617741;9,90E-05;;-0,000498;0,000437;0,000935
457;143,617741;;143,617741;143,618338;0,000597;;0,000437;-0,002886;-0,003323
458;143,618338;;143,618338;143,618498;0,00016;;-0,002886;-0,04088;-0,037994
459;143,618498;;143,618498;143,621544;0,003046;;-0,04088;0,043798;0,084678
460;143,621544;;143,621544;143,66547;0,043926;;0,043798;-0,016747;-0,060545
461;143,66547;;143,66547;143,665598;0,000128;;-0,016747;0,016875;0,033622
462;143,665598;;143,665598;143,682473;0,016875;;0,016875;-0,000169;-0,017044
463;143,682473;;143,682473;143,682473;0;;-0,000169;-2,20E-05;0,000147
464;143,682473;;143,682473;143,682642;0,000169;;-2,20E-05;-0,000186;-0,000164
465;143,682642;;143,682642;143,682833;0,000191;;-0,000186;0,0003;0,000486
466;143,682833;;143,682833;143,68321;0,000377;;0,0003;-0,000802;-0,001102
467;143,68321;;143,68321;143,683287;7,70E-05;;-0,000802;0,000734;0,001536
468;143,683287;;143,683287;143,684166;0,000879;;0,000734;-0,002445;-0,003179
469;143,684166;;143,684166;143,684311;0,000145;;-0,002445;-0,006441;-0,003996
470;143,684311;;143,684311;143,686901;0,00259;;-0,006441;0,00887;0,015311
471;143,686901;;143,686901;143,695932;0,009031;;0,00887;-0,002072;-0,010942
472;143,695932;;143,695932;143,696093;0,000161;;-0,002072;-0,048738;-0,046666
473;143,696093;;143,696093;143,698326;0,002233;;-0,048738;0,049362;0,0981
474;143,698326;;143,698326;143,749297;0,050971;;0,049362;0,001609;-0,047753
475;143,749297;;143,749297;143,750906;0,001609;;0,001609;-0,000163;-0,001772
476;143,750906;;143,750906;143,750906;0;;-0,000163;-0,000249;-8,60E-05
477;143,750906;;143,750906;143,751069;0,000163;;-0,000249;0,000412;0,000661
478;143,751069;;143,751069;143,751481;0,000412;;0,000412;0;-0,000412
479;143,751481;;143,751481;143,751481;0;;0;-0,000171;-0,000171
480;143,751481;;143,751481;143,751481;0;;-0,000171;1,30E-05;0,000184
481;143,751481;;143,751481;143,751652;0,000171;;1,30E-05;-0,00329;-0,003303
482;143,751652;;143,751652;143,75181;0,000158;;-0,00329;-0,047365;-0,044075
483;143,75181;;143,75181;143,755258;0,003448;;-0,047365;0,040819;0,088184
484;143,755258;;143,755258;143,806071;0,050813;;0,040819;0,009994;-0,030825
485;143,806071;;143,806071;143,816065;0,009994;;0,009994;-0,000145;-0,010139
486;143,816065;;143,816065;143,816065;0;;-0,000145;-0,000175;-3,00E-05
487;143,816065;;143,816065;143,81621;0,000145;;-0,000175;0,000227;0,000402
488;143,81621;;143,81621;143,81653;0,00032;;0,000227;-0,000318;-0,000545
489;143,81653;;143,81653;143,816623;9,30E-05;;-0,000318;0,000348;0,000666
490;143,816623;;143,816623;143,817034;0,000411;;0,000348;-0,001599;-0,001947
491;143,817034;;143,817034;143,817097;6,30E-05;;-0,001599;0,001465;0,003064
492;143,817097;;143,817097;143,818759;0,001662;;0,001465;-0,002611;-0,004076
493;143,818759;;143,818759;143,818956;0,000197;;-0,002611;-0,039644;-0,037033
494;143,818956;;143,818956;143,821764;0,002808;;-0,039644;0,042294;0,081938
495;143,821764;;143,821764;143,864216;0,042452;;0,042294;-0,001662;-0,043956
496;143,864216;;143,864216;143,864374;0,000158;;-0,001662;0,00182;0,003482
497;143,864374;;143,864374;143,866194;0,00182;;0,00182;-0,00012;-0,00194
498;143,866194;;143,866194;143,866194;0;;-0,00012;-4,00E-06;0,000116
499;143,866194;;143,866194;143,866314;0,00012;;-4,00E-06;-9,60E-05;-9,20E-05
500;143,866314;;143,866314;143,866438;0,000124;;-9,60E-05;0,000135;0,000231
501;143,866438;;143,866438;143,866658;0,00022;;0,000135;-0,003926;-0,004061
502;143,866658;;143,866658;143,866743;8,50E-05;;-0,003926;0,004011;0,007937
503;143,866743;;143,866743;143,870754;0,004011;;0,004011;-0,000315;-0,004326
504;143,870754;;143,870754;143,870754;0;;-0,000315;-0,002023;-0,001708
505;143,870754;;143,870754;143,871069;0,000315;;-0,002023;-0,046466;-0,044443
506;143,871069;;143,871069;143,873407;0,002338;;-0,046466;0,045933;0,092399
507;143,873407;;143,873407;143,922211;0,048804;;0,045933;0,002638;-0,043295
508;143,922211;;143,922211;143,925082;0,002871;;0,002638;-0,001485;-0,004123
509;143,925082;;143,925082;143,925315;0,000233;;-0,001485;0,001718;0,003203
510;143,925315;;143,925315;143,927033;0,001718;;0,001718;-0,000146;-0,001864
511;143,927033;;143,927033;143,927033;0;;-0,000146;-0,000374;-0,000228
512;143,927033;;143,927033;143,927179;0,000146;;-0,000374;0,000426;0,0008
513;143,927179;;143,927179;143,927699;0,00052;;0,000426;-0,003962;-0,004388
514;143,927699;;143,927699;143,927793;9,40E-05;;-0,003962;0,003939;0,007901
515;143,927793;;143,927793;143,931849;0,004056;;0,003939;-0,00211;-0,006049
516;143,931849;;143,931849;143,931966;0,000117;;-0,00211;-0,038572;-0,036462
517;143,931966;;143,931966;143,934193;0,002227;;-0,038572;0,040622;0,079194
518;143,934193;;143,934193;143,974992;0,040799;;0,040622;-0,002399;-0,043021
519;143,974992;;143,974992;143,975169;0,000177;;-0,002399;0,002455;0,004854
520;143,975169;;143,975169;143,977745;0,002576;;0,002455;-0,001608;-0,004063
521;143,977745;;143,977745;143,977866;0,000121;;-0,001608;-0,000407;0,001201
522;143,977866;;143,977866;143,979595;0,001729;;-0,000407;0,002136;0,002543
523;143,979595;;143,979595;143,981731;0,002136;;0,002136;-0,000133;-0,002269
524;143,981731;;143,981731;143,981731;0;;-0,000133;-0,002413;-0,00228
525;143,981731;;143,981731;143,981864;0,000133;;-0,002413;0,002489;0,004902
526;143,981864;;143,981864;143,98441;0,002546;;0,002489;-0,001656;-0,004145
527;143,98441;;143,98441;143,984467;5,70E-05;;-0,001656;-0,060468;-0,058812
528;143,984467;;143,984467;143,98618;0,001713;;-0,060468;0,062181;0,122649
529;143,98618;;143,98618;144,048361;0,062181;;0,062181;-8,80E-05;-0,062269
530;144,048361;;144,048361;144,048361;0;;-8,80E-05;-0,000135;-4,70E-05
531;144,048361;;144,048361;144,048449;8,80E-05;;-0,000135;0,000223;0,000358
532;144,048449;;144,048449;144,048672;0,000223;;0,000223;0;-0,000223
533;144,048672;;144,048672;144,048672;0;;0;0;0
534;144,048672;;144,048672;144,048672;0;;0;-5,60E-05;-5,60E-05
535;144,048672;;144,048672;144,048672;0;;-5,60E-05;-0,004794;-0,004738
536;144,048672;;144,048672;144,048728;5,60E-05;;-0,004794;0,003173;0,007967
537;144,048728;;144,048728;144,053578;0,00485;;0,003173;-0,037964;-0,041137
538;144,053578;;144,053578;144,055255;0,001677;;-0,037964;0,039558;0,077522
539;144,055255;;144,055255;144,094896;0,039641;;0,039558;-0,001542;-0,0411
540;144,094896;;144,094896;144,094979;8,30E-05;;-0,001542;0,001585;0,003127
541;144,094979;;144,094979;144,096604;0,001625;;0,001585;-0,002226;-0,003811
542;144,096604;;144,096604;144,096644;4,00E-05;;-0,002226;0,002232;0,004458
543;144,096644;;144,096644;144,09891;0,002266;;0,002232;-0,001457;-0,003689
544;144,09891;;144,09891;144,098944;3,40E-05;;-0,001457;0,001442;0,002899
545;144,098944;;144,098944;144,100435;0,001491;;0,001442;-0,001875;-0,003317
546;144,100435;;144,100435;144,100484;4,90E-05;;-0,001875;0,001838;0,003713
547;144,100484;;144,100484;144,102408;0,001924;;0,001838;-0,001049;-0,002887
548;144,102408;;144,102408;144,102494;8,60E-05;;-0,001049;0,001034;0,002083
549;144,102494;;144,102494;144,103629;0,001135;;0,001034;-0,000537;-0,001571
550;144,103629;;144,103629;144,10373;0,000101;;-0,000537;-0,001832;-0,001295
551;144,10373;;144,10373;144,104368;0,000638;;-0,001832;-0,045507;-0,043675
552;144,104368;;144,104368;144,106838;0,00247;;-0,045507;0,040823;0,08633
553;144,106838;;144,106838;144,154815;0,047977;;0,040823;0,007154;-0,033669
554;144,154815;;144,154815;144,161969;0,007154;;0,007154;-0,000172;-0,007326
555;144,161969;;144,161969;144,161969;0;;-0,000172;-0,00175;-0,001578
556;144,161969;;144,161969;144,162141;0,000172;;-0,00175;0,001922;0,003672
557;144,162141;;144,162141;144,164063;0,001922;;0,001922;-0,000144;-0,002066
558;144,164063;;144,164063;144,164063;0;;-0,000144;1,80E-05;0,000162
559;144,164063;;144,164063;144,164207;0,000144;;1,80E-05;-0,000465;-0,000483
560;144,164207;;144,164207;144,164333;0,000126;;-0,000465;0,000591;0,001056
561;144,164333;;144,164333;144,164924;0,000591;;0,000591;-0,000111;-0,000702
562;144,164924;;144,164924;144,164924;0;;-0,000111;-0,040936;-0,040825
563;144,164924;;144,164924;144,165035;0,000111;;-0,040936;-0,290867;-0,249931
564;144,165035;;144,165035;144,206082;0,041047;;-0,290867;0,331667;0,622534
565;144,206082;;144,206082;144,537996;0,331914;;0,331667;0,000247;-0,33142
566;144,537996;;144,537996;144,538243;0,000247;;0,000247;0;-0,000247
567;144,538243;;144,538243;144,538243;0;;0;0;0
568;144,538243;;144,538243;144,538243;0;;0;0;0
569;144,538243;;144,538243;144,538243;0;;0;0;0
570;144,538243;;144,538243;144,538243;0;;0;-0,305571;-0,305571
571;144,538243;;144,538243;144,538243;0;;-0,305571;0,305571;0,611142
572;144,538243;;144,538243;144,843814;0,305571;;0,305571;-0,000298;-0,305869
575;144,843814;;144,843814;144,843814;0;;-0,000298;0,000298;0,000596
576;144,843814;;144,843814;144,844112;0,000298;;0,000298;-0,007611;-0,007909
577;144,844112;;144,844112;144,844112;0;;-0,007611;0,007611;0,015222
578;144,844112;;144,844112;144,851723;0,007611;;0,007611;-0,000112;-0,007723
579;144,851723;;144,851723;144,851723;0;;-0,000112;-8,30E-05;2,90E-05
580;144,851723;;144,851723;144,851835;0,000112;;-8,30E-05;-0,000166;-8,30E-05
581;144,851835;;144,851835;144,85203;0,000195;;-0,000166;0,000361;0,000527
582;144,85203;;144,85203;144,852391;0,000361;;0,000361;-8,50E-05;-0,000446
583;144,852391;;144,852391;144,852391;0;;-8,50E-05;-3,80E-05;4,70E-05
584;144,852391;;144,852391;144,852476;8,50E-05;;-3,80E-05;-0,000413;-0,000375
585;144,852476;;144,852476;144,852599;0,000123;;-0,000413;0,000418;0,000831
586;144,852599;;144,852599;144,853135;0,000536;;0,000418;-0,019849;-0,020267
587;144,853135;;144,853135;144,853253;0,000118;;-0,019849;0,019967;0,039816
588;144,853253;;144,853253;144,87322;0,019967;;0,019967;-0,000182;-0,020149
589;144,87322;;144,87322;144,87322;0;;-0,000182;-0,080882;-0,0807
590;144,87322;;144,87322;144,873402;0,000182;;-0,080882;0,028363;0,109245
591;144,873402;;144,873402;144,954466;0,081064;;0,028363;0,052548;0,024185
592;144,954466;;144,954466;145,007167;0,052701;;0,052548;-1,338404;-1,390952
593;145,007167;;145,007167;145,00732;0,000153;;-1,338404;1,338414;2,676818
594;145,00732;;145,00732;146,345877;1,338557;;1,338414;0,000143;-1,338271
595;146,345877;;146,345877;146,34602;0,000143;;0,000143;-0,300937;-0,30108
596;146,34602;;146,34602;146,34602;0;;-0,300937;0,298359;0,599296
597;146,34602;;146,34602;146,646957;0,300937;;0,298359;0,000217;-0,298142
598;146,646957;;146,646957;146,649535;0,002578;;0,000217;0,002248;0,002031
599;146,649535;;146,649535;146,651896;0,002361;;0,002248;-0,001683;-0,003931
600;146,651896;;146,651896;146,652009;0,000113;;-0,001683;0,001701;0,003384
601;146,652009;;146,652009;146,653805;0,001796;;0,001701;-0,001725;-0,003426
602;146,653805;;146,653805;146,6539;9,50E-05;;-0,001725;0,001731;0,003456
603;146,6539;;146,6539;146,65572;0,00182;;0,001731;-0,000908;-0,002639
604;146,65572;;146,65572;146,655809;8,90E-05;;-0,000908;0,000882;0,00179
605;146,655809;;146,655809;146,656806;0,000997;;0,000882;-0,002137;-0,003019
606;146,656806;;146,656806;146,656921;0,000115;;-0,002137;0,002111;0,004248
607;146,656921;;146,656921;146,659173;0,002252;;0,002111;-0,003999;-0,00611
608;146,659173;;146,659173;146,659314;0,000141;;-0,003999;0,004022;0,008021
609;146,659314;;146,659314;146,663454;0,00414;;0,004022;-0,000221;-0,004243
610;146,663454;;146,663454;146,663572;0,000118;;-0,000221;0,000339;0,00056
611;146,663572;;146,663572;146,663911;0,000339;;0,000339;-8,40E-05;-0,000423
612;146,663911;;146,663911;146,663911;0;;-8,40E-05;-2,00E-05;6,40E-05
613;146,663911;;146,663911;146,663995;8,40E-05;;-2,00E-05;-0,000227;-0,000207
614;146,663995;;146,663995;146,664099;0,000104;;-0,000227;0,000266;0,000493
615;146,664099;;146,664099;146,66443;0,000331;;0,000266;-0,001891;-0,002157
616;146,66443;;146,66443;146,664495;6,50E-05;;-0,001891;0,001856;0,003747
617;146,664495;;146,664495;146,666451;0,001956;;0,001856;-0,002228;-0,004084
618;146,666451;;146,666451;146,666551;0,0001;;-0,002228;0,002328;0,004556
619;146,666551;;146,666551;146,668879;0,002328;;0,002328;-0,000116;-0,002444
620;146,668879;;146,668879;146,668879;0;;-0,000116;-4,40E-05;7,20E-05
621;146,668879;;146,668879;146,668995;0,000116;;-4,40E-05;-0,002716;-0,002672
622;146,668995;;146,668995;146,669155;0,00016;;-0,002716;0,002743;0,005459
623;146,669155;;146,669155;146,672031;0,002876;;0,002743;-0,255797;-0,25854
624;146,672031;;146,672031;146,672164;0,000133;;-0,255797;0,255819;0,511616
625;146,672164;;146,672164;146,928094;0,25593;;0,255819;-0,000176;-0,255995
626;146,928094;;146,928094;146,928205;0,000111;;-0,000176;0,000237;0,000413
627;146,928205;;146,928205;146,928492;0,000287;;0,000237;-0,002486;-0,002723
628;146,928492;;146,928492;146,928542;5,00E-05;;-0,002486;0,002536;0,005022
629;146,928542;;146,928542;146,931078;0,002536;;0,002536;-0,00019;-0,002726
630;146,931078;;146,931078;146,931078;0;;-0,00019;-0,00028;-9,00E-05
631;146,931078;;146,931078;146,931268;0,00019;;-0,00028;0,00047;0,00075
632;146,931268;;146,931268;146,931738;0,00047;;0,00047;0;-0,00047
633;146,931738;;146,931738;146,931738;0;;0;-7,80E-05;-7,80E-05
634;146,931738;;146,931738;146,931738;0;;-7,80E-05;-1,00E-06;7,70E-05
635;146,931738;;146,931738;146,931816;7,80E-05;;-1,00E-06;-0,000694;-0,000693
636;146,931816;;146,931816;146,931895;7,90E-05;;-0,000694;0,00069;0,001384
637;146,931895;;146,931895;146,932668;0,000773;;0,00069;-0,01787;-0,01856
638;146,932668;;146,932668;146,932751;8,30E-05;;-0,01787;0,017953;0,035823
639;146,932751;;146,932751;146,950704;0,017953;;0,017953;-0,000132;-0,018085
640;146,950704;;146,950704;146,950704;0;;-0,000132;-0,265294;-0,265162
641;146,950704;;146,950704;146,950836;0,000132;;-0,265294;0,253858;0,519152
642;146,950836;;146,950836;147,216262;0,265426;;0,253858;0,011568;-0,24229
643;147,216262;;147,216262;147,22783;0,011568;;0,011568;-0,000155;-0,011723
644;147,22783;;147,22783;147,22783;0;;-0,000155;-6,00E-06;0,000149
645;147,22783;;147,22783;147,227985;0,000155;;-6,00E-06;-0,000271;-0,000265
646;147,227985;;147,227985;147,228146;0,000161;;-0,000271;0,000432;0,000703
647;147,228146;;147,228146;147,228578;0,000432;;0,000432;0;-0,000432
648;147,228578;;147,228578;147,228578;0;;0;-0,000121;-0,000121
649;147,228578;;147,228578;147,228578;0;;-0,000121;-1,70E-05;0,000104
650;147,228578;;147,228578;147,228699;0,000121;;-1,70E-05;4,60E-05;6,30E-05
651;147,228699;;147,228699;147,228837;0,000138;;4,60E-05;-0,008261;-0,008307
652;147,228837;;147,228837;147,228929;9,20E-05;;-0,008261;0,008353;0,016614
653;147,228929;;147,228929;147,237282;0,008353;;0,008353;-0,000145;-0,008498
654;147,237282;;147,237282;147,237282;0;;-0,000145;-2,20E-05;0,000123
655;147,237282;;147,237282;147,237427;0,000145;;-2,20E-05;-0,00019;-0,000168
656;147,237427;;147,237427;147,237594;0,000167;;-0,00019;0,000289;0,000479
657;147,237594;;147,237594;147,237951;0,000357;;0,000289;-0,001712;-0,002001
658;147,237951;;147,237951;147,238019;6,80E-05;;-0,001712;-0,050289;-0,048577
659;147,238019;;147,238019;147,239799;0,00178;;-0,050289;-0,160493;-0,110204
660;147,239799;;147,239799;147,291868;0,052069;;-0,160493;0,206085;0,366578
661;147,291868;;147,291868;147,50443;0,212562;;0,206085;0,006331;-0,199754
662;147,50443;;147,50443;147,510907;0,006477;;0,006331;-0,001889;-0,00822
663;147,510907;;147,510907;147,511053;0,000146;;-0,001889;0,001951;0,00384
664;147,511053;;147,511053;147,513088;0,002035;;0,001951;-0,002989;-0,00494
665;147,513088;;147,513088;147,513172;8,40E-05;;-0,002989;0,000334;0,003323
666;147,513172;;147,513172;147,516245;0,003073;;0,000334;0,002659;0,002325
667;147,516245;;147,516245;147,518984;0,002739;;0,002659;-0,001556;-0,004215
668;147,518984;;147,518984;147,519064;8,00E-05;;-0,001556;0,001548;0,003104
669;147,519064;;147,519064;147,5207;0,001636;;0,001548;-0,003107;-0,004655
670;147,5207;;147,5207;147,520788;8,80E-05;;-0,003107;0,00204;0,005147
671;147,520788;;147,520788;147,523983;0,003195;;0,00204;0,001038;-0,001002
672;147,523983;;147,523983;147,525138;0,001155;;0,001038;-0,002236;-0,003274
673;147,525138;;147,525138;147,525255;0,000117;;-0,002236;-0,042897;-0,040661
674;147,525255;;147,525255;147,527608;0,002353;;-0,042897;0,030214;0,073111
675;147,527608;;147,527608;147,572858;0,04525;;0,030214;-0,033825;-0,064039
676;147,572858;;147,572858;147,587894;0,015036;;-0,033825;-0,107628;-0,073803
677;147,587894;;147,587894;147,636755;0,048861;;-0,107628;0,156307;0,263935
678;147,636755;;147,636755;147,793244;0,156489;;0,156307;-0,00078;-0,157087
679;147,793244;;147,793244;147,793426;0,000182;;-0,00078;0,000841;0,001621
680;147,793426;;147,793426;147,794388;0,000962;;0,000841;-0,001668;-0,002509
681;147,794388;;147,794388;147,794509;0,000121;;-0,001668;0,001726;0,003394
682;147,794509;;147,794509;147,796298;0,001789;;0,001726;-0,00192;-0,003646
683;147,796298;;147,796298;147,796361;6,30E-05;;-0,00192;0,00113;0,00305
684;147,796361;;147,796361;147,798344;0,001983;;0,00113;0,000801;-0,000329
685;147,798344;;147,798344;147,799197;0,000853;;0,000801;-0,00245;-0,003251
686;147,799197;;147,799197;147,799249;5,20E-05;;-0,00245;0,002377;0,004827
687;147,799249;;147,799249;147,801751;0,002502;;0,002377;-0,318951;-0,321328
688;147,801751;;147,801751;147,801876;0,000125;;-0,318951;0,319076;0,638027
689;147,801876;;147,801876;148,120952;0,319076;;0,319076;-0,002943;-0,322019
690;148,120952;;148,120952;148,120952;0;;-0,002943;0,002794;0,005737
691;148,120952;;148,120952;148,123895;0,002943;;0,002794;-0,000264;-0,003058
692;148,123895;;148,123895;148,124044;0,000149;;-0,000264;0,000333;0,000597
693;148,124044;;148,124044;148,124457;0,000413;;0,000333;-0,002941;-0,003274
694;148,124457;;148,124457;148,124537;8,00E-05;;-0,002941;0,002891;0,005832
695;148,124537;;148,124537;148,127558;0,003021;;0,002891;-0,009137;-0,012028
696;148,127558;;148,127558;148,127688;0,00013;;-0,009137;0,009135;0,018272
697;148,127688;;148,127688;148,136955;0,009267;;0,009135;-0,000886;-0,010021
698;148,136955;;148,136955;148,137087;0,000132;;-0,000886;0,001018;0,001904
699;148,137087;;148,137087;148,138105;0,001018;;0,001018;-0,000111;-0,001129
700;148,138105;;148,138105;148,138105;0;;-0,000111;-1,90E-05;9,20E-05
701;148,138105;;148,138105;148,138216;0,000111;;-1,90E-05;-0,000209;-0,00019
702;148,138216;;148,138216;148,138346;0,00013;;-0,000209;0,000276;0,000485
703;148,138346;;148,138346;148,138685;0,000339;;0,000276;-0,000993;-0,001269
704;148,138685;;148,138685;148,138748;6,30E-05;;-0,000993;0,001056;0,002049
705;148,138748;;148,138748;148,139804;0,001056;;0,001056;-9,80E-05;-0,001154
706;148,139804;;148,139804;148,139804;0;;-9,80E-05;-0,263156;-0,263058
707;148,139804;;148,139804;148,139902;9,80E-05;;-0,263156;0,254203;0,517359
708;148,139902;;148,139902;148,403156;0,263254;;0,254203;0,008907;-0,245296
709;148,403156;;148,403156;148,412207;0,009051;;0,008907;-0,01247;-0,021377
710;148,412207;;148,412207;148,412351;0,000144;;-0,01247;0,012449;0,024919
711;148,412351;;148,412351;148,424965;0,012614;;0,012449;-0,000576;-0,013025
712;148,424965;;148,424965;148,42513;0,000165;;-0,000576;0,000653;0,001229
713;148,42513;;148,42513;148,425871;0,000741;;0,000653;-0,009791;-0,010444
714;148,425871;;148,425871;148,425959;8,80E-05;;-0,009791;0,009796;0,019587
715;148,425959;;148,425959;148,435838;0,009879;;0,009796;-0,000461;-0,010257
716;148,435838;;148,435838;148,435921;8,30E-05;;-0,000461;0,000497;0,000958
717;148,435921;;148,435921;148,436465;0,000544;;0,000497;-0,001796;-0,002293
718;148,436465;;148,436465;148,436512;4,70E-05;;-0,001796;0,001843;0,003639
719;148,436512;;148,436512;148,438355;0,001843;;0,001843;-5,10E-05;-0,001894
720;148,438355;;148,438355;148,438355;0;;-5,10E-05;-2,30E-05;2,80E-05
721;148,438355;;148,438355;148,438406;5,10E-05;;-2,30E-05;-0,001274;-0,001251
722;148,438406;;148,438406;148,43848;7,40E-05;;-0,001274;0,001348;0,002622
723;148,43848;;148,43848;148,439828;0,001348;;0,001348;-6,40E-05;-0,001412
724;148,439828;;148,439828;148,439828;0;;-6,40E-05;-0,283439;-0,283375
725;148,439828;;148,439828;148,439892;6,40E-05;;-0,283439;0,283408;0,566847
726;148,439892;;148,439892;148,723395;0,283503;;0,283408;-0,000616;-0,284024
727;148,723395;;148,723395;148,72349;9,50E-05;;-0,000616;0,000666;0,001282
728;148,72349;;148,72349;148,724201;0,000711;;0,000666;-0,371621;-0,372287
729;148,724201;;148,724201;148,724246;4,50E-05;;-0,371621;0,028912;0,400533
730;148,724246;;148,724246;149,095912;0,371666;;0,028912;0,108039;0,079127
731;149,095912;;149,095912;149,438666;0,342754;;0,108039;0,234642;0,126603
732;149,438666;;149,438666;149,673381;0,234715;;0,234642;-0,137813;-0,372455
733;149,673381;;149,673381;149,673454;7,30E-05;;-0,137813;0,137886;0,275699
734;149,673454;;149,673454;149,81134;0,137886;;0,137886;-6,00E-05;-0,137946
735;149,81134;;149,81134;149,81134;0;;-6,00E-05;-0,375867;-0,375807
736;149,81134;;149,81134;149,8114;6,00E-05;;-0,375867;0,082696;0,458563
737;149,8114;;149,8114;150,187327;0,375927;;0,082696;0,292999;0,210303
741;150,187327;;150,187327;150,480558;0,293231;;0,292999;-0,000834;-0,293833
742;150,480558;;150,480558;150,48079;0,000232;;-0,000834;-0,308871;-0,308037
743;150,48079;;150,48079;150,481856;0,001066;;-0,308871;0,309937;0,618808
744;150,481856;;150,481856;150,791793;0,309937;;0,309937;-0,000123;-0,31006
747;150,791793;;150,791793;150,791793;0;;-0,000123;-0,028257;-0,028134
748;150,791793;;150,791793;150,791916;0,000123;;-0,028257;-0,241015;-0,212758
749;150,791916;;150,791916;150,820296;0,02838;;-0,241015;0,016452;0,257467
750;150,820296;;150,820296;151,089691;0,269395;;0,016452;0,25268;0,236228
752;151,089691;;151,089691;151,342634;0,252943;;0,25268;-0,000874;-0,253554
753;151,342634;;151,342634;151,342897;0,000263;;-0,000874;-0,015774;-0,0149
754;151,342897;;151,342897;151,344034;0,001137;;-0,015774;0,016911;0,032685
755;151,344034;;151,344034;151,360945;0,016911;;0,016911;-0,00022;-0,017131
756;151,360945;;151,360945;151,360945;0;;-0,00022;-0,002323;-0,002103
757;151,360945;;151,360945;151,361165;0,00022;;-0,002323;0,002082;0,004405
758;151,361165;;151,361165;151,363708;0,002543;;0,002082;-5,40E-05;-0,002136
759;151,363708;;151,363708;151,364169;0,000461;;-5,40E-05;0,000515;0,000569
760;151,364169;;151,364169;151,364684;0,000515;;0,000515;0;-0,000515
761;151,364684;;151,364684;151,364684;0;;0;-0,00024;-0,00024
762;151,364684;;151,364684;151,364684;0;;-0,00024;-0,465797;-0,465557
763;151,364684;;151,364684;151,364924;0,00024;;-0,465797;0,466037;0,931834
764;151,364924;;151,364924;151,830961;0,466037;;0,466037;-0,000316;-0,466353
765;151,830961;;151,830961;151,830961;0;;-0,000316;-0,002079;-0,001763
766;151,830961;;151,830961;151,831277;0,000316;;-0,002079;0,002395;0,004474
767;151,831277;;151,831277;151,833672;0,002395;;0,002395;-0,000299;-0,002694
768;151,833672;;151,833672;151,833672;0;;-0,000299;-0,015536;-0,015237
769;151,833672;;151,833672;151,833971;0,000299;;-0,015536;-0,019247;-0,003711
770;151,833971;;151,833971;151,849806;0,015835;;-0,019247;0,019261;0,038508
771;151,849806;;151,849806;151,884888;0,035082;;0,019261;0,003522;-0,015739
772;151,884888;;151,884888;151,900709;0,015821;;0,003522;0,001249;-0,002273
773;151,900709;;151,900709;151,913008;0,012299;;0,001249;0,01105;0,009801
774;151,913008;;151,913008;151,924058;0,01105;;0,01105;-8,20E-05;-0,011132
775;151,924058;;151,924058;151,924058;0;;-8,20E-05;-9,40E-05;-1,20E-05
776;151,924058;;151,924058;151,92414;8,20E-05;;-9,40E-05;0,000176;0,00027
777;151,92414;;151,92414;151,924316;0,000176;;0,000176;-3,60E-05;-0,000212
778;151,924316;;151,924316;151,924316;0;;-3,60E-05;-0,150315;-0,150279
779;151,924316;;151,924316;151,924352;3,60E-05;;-0,150315;0,1491;0,299415
780;151,924352;;151,924352;152,074703;0,150351;;0,1491;0,000907;-0,148193
781;152,074703;;152,074703;152,075954;0,001251;;0,000907;0,000344;-0,000563
782;152,075954;;152,075954;152,076298;0,000344;;0,000344;0;-0,000344
783;152,076298;;152,076298;152,076298;0;;0;0;0
784;152,076298;;152,076298;152,076298;0;;0;-0,269788;-0,269788
785;152,076298;;152,076298;152,076298;0;;-0,269788;0,215494;0,485282
786;152,076298;;152,076298;152,346086;0,269788;;0,215494;0,044858;-0,170636
787;152,346086;;152,346086;152,40038;0,054294;;0,044858;-0,00972;-0,054578
788;152,40038;;152,40038;152,409816;0,009436;;-0,00972;-0,189696;-0,179976
789;152,409816;;152,409816;152,428972;0,019156;;-0,189696;0,208752;0,398448
790;152,428972;;152,428972;152,637824;0,208852;;0,208752;-1,028972;-1,237724
791;152,637824;;152,637824;152,637924;0,0001;;-1,028972;1,0287;2,057672
792;152,637924;;152,637924;153,666996;1,029072;;1,0287;0,000372;-1,028328
793;153,666996;;153,666996;153,667368;0,000372;;0,000372;0;-0,000372
794;153,667368;;153,667368;153,667368;0;;0;0;0
795;153,667368;;153,667368;153,667368;0;;0;0;0
796;153,667368;;153,667368;153,667368;0;;0;0;0
797;153,667368;;153,667368;153,667368;0;;0;0;0
798;153,667368;;153,667368;153,667368;0;;0;0;0
799;153,667368;;153,667368;153,667368;0;;0;-0,291524;-0,291524
800;153,667368;;153,667368;153,667368;0;;-0,291524;0,272753;0,564277
801;153,667368;;153,667368;153,958892;0,291524;;0,272753;-0,004176;-0,276929
802;153,958892;;153,958892;153,977663;0,018771;;-0,004176;0,001798;0,005974
803;153,977663;;153,977663;154,00061;0,022947;;0,001798;0,009402;0,007604
804;154,00061;;154,00061;154,021759;0,021149;;0,009402;0,011568;0,002166
805;154,021759;;154,021759;154,033506;0,011747;;0,011568;-0,000342;-0,01191
806;154,033506;;154,033506;154,033685;0,000179;;-0,000342;0,000521;0,000863
807;154,033685;;154,033685;154,034206;0,000521;;0,000521;0;-0,000521
808;154,034206;;154,034206;154,034206;0;;0;-0,000119;-0,000119
809;154,034206;;154,034206;154,034206;0;;-0,000119;-2,50E-05;9,40E-05
810;154,034206;;154,034206;154,034325;0,000119;;-2,50E-05;-0,000357;-0,000332
811;154,034325;;154,034325;154,034469;0,000144;;-0,000357;0,000501;0,000858
812;154,034469;;154,034469;154,03497;0,000501;;0,000501;-0,000102;-0,000603
813;154,03497;;154,03497;154,03497;0;;-0,000102;-0,005081;-0,004979
814;154,03497;;154,03497;154,035072;0,000102;;-0,005081;-0,048457;-0,043376
815;154,035072;;154,035072;154,040255;0,005183;;-0,048457;-1,35484;-1,306383
816;154,040255;;154,040255;154,093895;0,05364;;-1,35484;1,342903;2,697743
817;154,093895;;154,093895;155,502375;1,40848;;1,342903;-0,152487;-1,49539
818;155,502375;;155,502375;155,567952;0,065577;;-0,152487;0,172475;0,324962
819;155,567952;;155,567952;155,786016;0,218064;;0,172475;-0,058577;-0,231052
820;155,786016;;155,786016;155,831605;0,045589;;-0,058577;0,104097;0,162674
821;155,831605;;155,831605;155,935771;0,104166;;0,104097;-0,397427;-0,501524
822;155,935771;;155,935771;155,93584;6,90E-05;;-0,397427;0,12432;0,521747
823;155,93584;;155,93584;156,333336;0,397496;;0,12432;0,273098;0,148778
824;156,333336;;156,333336;156,606512;0,273176;;0,273098;-0,103781;-0,376879
825;156,606512;;156,606512;156,60659;7,80E-05;;-0,103781;-0,100306;0,003475
826;156,60659;;156,60659;156,710449;0,103859;;-0,100306;0,203883;0,304189
829;156,710449;;156,710449;156,914614;0,204165;;0,203883;-0,001095;-0,204978
830;156,914614;;156,914614;156,914896;0,000282;;-0,001095;-0,218361;-0,217266
831;156,914896;;156,914896;156,916273;0,001377;;-0,218361;0,215727;0,434088
832;156,916273;;156,916273;157,136011;0,219738;;0,215727;0,003824;-0,211903
833;157,136011;;157,136011;157,140022;0,004011;;0,003824;-0,012945;-0,016769
834;157,140022;;157,140022;157,140209;0,000187;;-0,012945;-0,230403;-0,217458
835;157,140209;;157,140209;157,153341;0,013132;;-0,230403;0,243535;0,473938
836;157,153341;;157,153341;157,396876;0,243535;;0,243535;-0,000153;-0,243688
837;157,396876;;157,396876;157,396876;0;;-0,000153;-0,000105;4,80E-05
838;157,396876;;157,396876;157,397029;0,000153;;-0,000105;-0,002339;-0,002234
839;157,397029;;157,397029;157,397287;0,000258;;-0,002339;0,002288;0,004627
840;157,397287;;157,397287;157,399884;0,002597;;0,002288;-9,50E-05;-0,002383
841;157,399884;;157,399884;157,400193;0,000309;;-9,50E-05;-0,209855;-0,20976
842;157,400193;;157,400193;157,400597;0,000404;;-0,209855;0,210259;0,420114
843;157,400597;;157,400597;157,610856;0,210259;;0,210259;-0,000137;-0,210396
844;157,610856;;157,610856;157,610856;0;;-0,000137;-0,000111;2,60E-05
845;157,610856;;157,610856;157,610993;0,000137;;-0,000111;0,00021;0,000321
846;157,610993;;157,610993;157,611241;0,000248;;0,00021;-0,001262;-0,001472
847;157,611241;;157,611241;157,611279;3,80E-05;;-0,001262;0,001205;0,002467
848;157,611279;;157,611279;157,612579;0,0013;;0,001205;-0,001565;-0,00277
849;157,612579;;157,612579;157,612674;9,50E-05;;-0,001565;-0,065223;-0,063658
850;157,612674;;157,612674;157,614334;0,00166;;-0,065223;-0,00721;0,058013
851;157,614334;;157,614334;157,681217;0,066883;;-0,00721;0,073766;0,080976
855;157,681217;;157,681217;157,75531;0,074093;;0,073766;-0,001257;-0,075023
856;157,75531;;157,75531;157,755637;0,000327;;-0,001257;-0,076003;-0,074746
857;157,755637;;157,755637;157,757221;0,001584;;-0,076003;0,077406;0,153409
858;157,757221;;157,757221;157,834808;0,077587;;0,077406;-0,009544;-0,08695
859;157,834808;;157,834808;157,834989;0,000181;;-0,009544;0,007794;0,017338
860;157,834989;;157,834989;157,844714;0,009725;;0,007794;0,001822;-0,005972
861;157,844714;;157,844714;157,846645;0,001931;;0,001822;-0,002732;-0,004554
862;157,846645;;157,846645;157,846754;0,000109;;-0,002732;0,002657;0,005389
863;157,846754;;157,846754;157,849595;0,002841;;0,002657;-0,003733;-0,00639
864;157,849595;;157,849595;157,849779;0,000184;;-0,003733;0,000379;0,004112
865;157,849779;;157,849779;157,853696;0,003917;;0,000379;0,003295;0,002916
866;157,853696;;157,853696;157,857234;0,003538;;0,003295;-0,061064;-0,064359
867;157,857234;;157,857234;157,857477;0,000243;;-0,061064;0,053154;0,114218
868;157,857477;;157,857477;157,918784;0,061307;;0,053154;-0,006573;-0,059727
869;157,918784;;157,918784;157,926937;0,008153;;-0,006573;0,014641;0,021214
870;157,926937;;157,926937;157,941663;0,014726;;0,014641;-0,066318;-0,080959
871;157,941663;;157,941663;157,941748;8,50E-05;;-0,066318;0,066403;0,132721
872;157,941748;;157,941748;158,008151;0,066403;;0,066403;-0,002363;-0,068766
874;158,008151;;158,008151;158,008151;0;;-0,002363;-0,038274;-0,035911
875;158,008151;;158,008151;158,010514;0,002363;;-0,038274;-0,01197;0,026304
876;158,010514;;158,010514;158,051151;0,040637;;-0,01197;0,040635;0,052605
880;158,051151;;158,051151;158,103758;0,052607;;0,040635;-0,038383;-0,079018
881;158,103758;;158,103758;158,11573;0,011972;;-0,038383;-0,040735;-0,002352
882;158,11573;;158,11573;158,166085;0,050355;;-0,040735;0,090785;0,13152
883;158,166085;;158,166085;158,257175;0,09109;;0,090785;-0,000928;-0,091713
884;158,257175;;158,257175;158,25748;0,000305;;-0,000928;-0,229342;-0,228414
885;158,25748;;158,25748;158,258713;0,001233;;-0,229342;0,230575;0,459917
886;158,258713;;158,258713;158,489288;0,230575;;0,230575;-9,30E-05;-0,230668
888;158,489288;;158,489288;158,489288;0;;-9,30E-05;1,20E-05;0,000105
889;158,489288;;158,489288;158,489381;9,30E-05;;1,20E-05;-5,10E-05;-6,30E-05
890;158,489381;;158,489381;158,489462;8,10E-05;;-5,10E-05;0,000132;0,000183
891;158,489462;;158,489462;158,489594;0,000132;;0,000132;-8,60E-05;-0,000218
892;158,489594;;158,489594;158,489594;0;;-8,60E-05;-0,005721;-0,005635
893;158,489594;;158,489594;158,48968;8,60E-05;;-0,005721;0,002411;0,008132
894;158,48968;;158,48968;158,495487;0,005807;;0,002411;-0,081214;-0,083625
895;158,495487;;158,495487;158,498883;0,003396;;-0,081214;0,084326;0,16554
898;158,498883;;158,498883;158,583493;0,08461;;0,084326;-0,000967;-0,085293
900;158,583493;;158,583493;158,583777;0,000284;;-0,000967;-0,089306;-0,088339
901;158,583777;;158,583777;158,585028;0,001251;;-0,089306;0,089294;0,1786
902;158,585028;;158,585028;158,675585;0,090557;;0,089294;-0,000653;-0,089947
903;158,675585;;158,675585;158,676848;0,001263;;-0,000653;0,001742;0,002395
904;158,676848;;158,676848;158,678764;0,001916;;0,001742;-0,002502;-0,004244
905;158,678764;;158,678764;158,678938;0,000174;;-0,002502;0,001726;0,004228
906;158,678938;;158,678938;158,681614;0,002676;;0,001726;0,00078;-0,000946
907;158,681614;;158,681614;158,682564;0,00095;;0,00078;-0,032879;-0,033659
908;158,682564;;158,682564;158,682734;0,00017;;-0,032879;0,031833;0,064712
909;158,682734;;158,682734;158,715783;0,033049;;0,031833;0,000984;-0,030849
910;158,715783;;158,715783;158,716999;0,001216;;0,000984;-0,041363;-0,042347
911;158,716999;;158,716999;158,717231;0,000232;;-0,041363;0,034393;0,075756
912;158,717231;;158,717231;158,758826;0,041595;;0,034393;-0,075358;-0,109751
913;158,758826;;158,758826;158,766028;0,007202;;-0,075358;0,08256;0,157918
914;158,766028;;158,766028;158,848588;0,08256;;0,08256;-0,002473;-0,085033
915;158,848588;;158,848588;158,848588;0;;-0,002473;-0,101302;-0,098829
916;158,848588;;158,848588;158,851061;0,002473;;-0,101302;0,103775;0,205077
917;158,851061;;158,851061;158,954836;0,103775;;0,103775;-0,000807;-0,104582
918;158,954836;;158,954836;158,954836;0;;-0,000807;0,000807;0,001614
919;158,954836;;158,954836;158,955643;0,000807;;0,000807;-0,04041;-0,041217
920;158,955643;;158,955643;158,955643;0;;-0,04041;0,039326;0,079736
921;158,955643;;158,955643;158,996053;0,04041;;0,039326;-0,0714;-0,110726
922;158,996053;;158,996053;158,997137;0,001084;;-0,0714;0,069699;0,141099
923;158,997137;;158,997137;159,069621;0,072484;;0,069699;-0,047413;-0,117112
927;159,069621;;159,069621;159,072406;0,002785;;-0,047413;0,050084;0,097497
928;159,072406;;159,072406;159,122604;0,050198;;0,050084;-0,000194;-0,050278
930;159,122604;;159,122604;159,122718;0,000114;;-0,000194;-0,015371;-0,015177
931;159,122718;;159,122718;159,123026;0,000308;;-0,015371;0,015424;0,030795
932;159,123026;;159,123026;159,138705;0,015679;;0,015424;-0,000314;-0,015738
933;159,138705;;159,138705;159,13896;0,000255;;-0,000314;-0,03875;-0,038436
934;159,13896;;159,13896;159,139529;0,000569;;-0,03875;0,022747;0,061497
935;159,139529;;159,139529;159,178848;0,039319;;0,022747;0,016137;-0,00661
936;159,178848;;159,178848;159,19542;0,016572;;0,016137;-0,003237;-0,019374
937;159,19542;;159,19542;159,195855;0,000435;;-0,003237;-0,001296;0,001941
938;159,195855;;159,195855;159,199527;0,003672;;-0,001296;0,004746;0,006042
939;159,199527;;159,199527;159,204495;0,004968;;0,004746;-0,013821;-0,018567
940;159,204495;;159,204495;159,204717;0,000222;;-0,013821;-0,010555;0,003266
941;159,204717;;159,204717;159,21876;0,014043;;-0,010555;0,02452;0,035075
942;159,21876;;159,21876;159,243358;0,024598;;0,02452;-9,80E-05;-0,024618
943;159,243358;;159,243358;159,243436;7,80E-05;;-9,80E-05;0,000148;0,000246
944;159,243436;;159,243436;159,243612;0,000176;;0,000148;-0,009412;-0,00956
945;159,243612;;159,243612;159,24364;2,80E-05;;-0,009412;0,00944;0,018852
946;159,24364;;159,24364;159,25308;0,00944;;0,00944;-0,000104;-0,009544
947;159,25308;;159,25308;159,25308;0;;-0,000104;-0,000557;-0,000453
948;159,25308;;159,25308;159,253184;0,000104;;-0,000557;0,000661;0,001218
949;159,253184;;159,253184;159,253845;0,000661;;0,000661;-8,90E-05;-0,00075
950;159,253845;;159,253845;159,253845;0;;-8,90E-05;-0,007122;-0,007033
951;159,253845;;159,253845;159,253934;8,90E-05;;-0,007122;0,007039;0,014161
952;159,253934;;159,253934;159,261145;0,007211;;0,007039;-0,000126;-0,007165
953;159,261145;;159,261145;159,261317;0,000172;;-0,000126;-0,006052;-0,005926
954;159,261317;;159,261317;159,261615;0,000298;;-0,006052;-0,001829;0,004223
955;159,261615;;159,261615;159,267965;0,00635;;-0,001829;0,008179;0,010008
956;159,267965;;159,267965;159,276144;0,008179;;0,008179;-8,60E-05;-0,008265
957;159,276144;;159,276144;159,276144;0;;-8,60E-05;1,00E-06;8,70E-05
958;159,276144;;159,276144;159,27623;8,60E-05;;1,00E-06;-0,000462;-0,000463
959;159,27623;;159,27623;159,276315;8,50E-05;;-0,000462;0,000509;0,000971
960;159,276315;;159,276315;159,276862;0,000547;;0,000509;-0,000684;-0,001193
961;159,276862;;159,276862;159,2769;3,80E-05;;-0,000684;0,000683;0,001367
962;159,2769;;159,2769;159,277622;0,000722;;0,000683;-0,001951;-0,002634
963;159,277622;;159,277622;159,277661;3,90E-05;;-0,001951;0,001948;0,003899
964;159,277661;;159,277661;159,279651;0,00199;;0,001948;-0,00204;-0,003988
965;159,279651;;159,279651;159,279693;4,20E-05;;-0,00204;0,002082;0,004122
966;159,279693;;159,279693;159,281775;0,002082;;0,002082;-4,40E-05;-0,002126
967;159,281775;;159,281775;159,281775;0;;-4,40E-05;-0,002425;-0,002381
968;159,281775;;159,281775;159,281819;4,40E-05;;-0,002425;0,002469;0,004894
969;159,281819;;159,281819;159,284288;0,002469;;0,002469;-4,20E-05;-0,002511
970;159,284288;;159,284288;159,284288;0;;-4,20E-05;-1,10E-05;3,10E-05
971;159,284288;;159,284288;159,28433;4,20E-05;;-1,10E-05;-0,002648;-0,002637
972;159,28433;;159,28433;159,284383;5,30E-05;;-0,002648;0,002701;0,005349
973;159,284383;;159,284383;159,287084;0,002701;;0,002701;-2,80E-05;-0,002729
974;159,287084;;159,287084;159,287084;0;;-2,80E-05;-1,10E-05;1,70E-05
975;159,287084;;159,287084;159,287112;2,80E-05;;-1,10E-05;-0,001408;-0,001397
976;159,287112;;159,287112;159,287151;3,90E-05;;-0,001408;-0,002736;-0,001328
977;159,287151;;159,287151;159,288598;0,001447;;-0,002736;0,004183;0,006919
978;159,288598;;159,288598;159,292781;0,004183;;0,004183;-0,000158;-0,004341
979;159,292781;;159,292781;159,292781;0;;-0,000158;-2,80E-05;0,00013
980;159,292781;;159,292781;159,292939;0,000158;;-2,80E-05;-0,008682;-0,008654
981;159,292939;;159,292939;159,293125;0,000186;;-0,008682;0,008868;0,01755
982;159,293125;;159,293125;159,301993;0,008868;;0,008868;-7,00E-05;-0,008938
983;159,301993;;159,301993;159,301993;0;;-7,00E-05;-8,00E-06;6,20E-05
984;159,301993;;159,301993;159,302063;7,00E-05;;-8,00E-06;-0,000546;-0,000538
985;159,302063;;159,302063;159,302141;7,80E-05;;-0,000546;0,000624;0,00117
986;159,302141;;159,302141;159,302765;0,000624;;0,000624;0;-0,000624
987;159,302765;;159,302765;159,302765;0;;0;-2,80E-05;-2,80E-05
988;159,302765;;159,302765;159,302765;0;;-2,80E-05;-0,000886;-0,000858
989;159,302765;;159,302765;159,302793;2,80E-05;;-0,000886;-0,018389;-0,017503
990;159,302793;;159,302793;159,303707;0,000914;;-0,018389;0,019176;0,037565
991;159,303707;;159,303707;159,32301;0,019303;;0,019176;-0,000837;-0,020013
992;159,32301;;159,32301;159,323137;0,000127;;-0,000837;0,000964;0,001801
993;159,323137;;159,323137;159,324101;0,000964;;0,000964;-0,000145;-0,001109
994;159,324101;;159,324101;159,324101;0;;-0,000145;-0,000798;-0,000653
995;159,324101;;159,324101;159,324246;0,000145;;-0,000798;0,000943;0,001741
996;159,324246;;159,324246;159,325189;0,000943;;0,000943;-0,00019;-0,001133
997;159,325189;;159,325189;159,325189;0;;-0,00019;2,80E-05;0,000218
998;159,325189;;159,325189;159,325379;0,00019;;2,80E-05;-0,000164;-0,000192
999;159,325379;;159,325379;159,325541;0,000162;;-0,000164;0,000326;0,00049
1000;159,325541;;159,325541;159,325867;0,000326;;0,000326;-0,000114;-0,00044
1001;159,325867;;159,325867;159,325867;0;;-0,000114;-6,00E-06;0,000108
1002;159,325867;;159,325867;159,325981;0,000114;;-6,00E-06;-0,000696;-0,00069
1003;159,325981;;159,325981;159,326101;0,00012;;-0,000696;0,000816;0,001512
1004;159,326101;;159,326101;159,326917;0,000816;;0,000816;-0,000125;-0,000941
1005;159,326917;;159,326917;159,326917;0;;-0,000125;-0,003906;-0,003781
1006;159,326917;;159,326917;159,327042;0,000125;;-0,003906;0,003899;0,007805
1007;159,327042;;159,327042;159,331073;0,004031;;0,003899;-0,000226;-0,004125
1008;159,331073;;159,331073;159,331205;0,000132;;-0,000226;0,000358;0,000584
1009;159,331205;;159,331205;159,331563;0,000358;;0,000358;0;-0,000358
1010;159,331563;;159,331563;159,331563;0;;0;-7,10E-05;-7,10E-05
1011;159,331563;;159,331563;159,331563;0;;-7,10E-05;-0,008641;-0,00857
1012;159,331563;;159,331563;159,331634;7,10E-05;;-0,008641;0,008712;0,017353
1013;159,331634;;159,331634;159,340346;0,008712;;0,008712;-0,000141;-0,008853
1014;159,340346;;159,340346;159,340346;0;;-0,000141;-0,001692;-0,001551
1015;159,340346;;159,340346;159,340487;0,000141;;-0,001692;0,001833;0,003525
1016;159,340487;;159,340487;159,34232;0,001833;;0,001833;-0,000135;-0,001968
1017;159,34232;;159,34232;159,34232;0;;-0,000135;-0,001517;-0,001382
1018;159,34232;;159,34232;159,342455;0,000135;;-0,001517;0,001652;0,003169
1019;159,342455;;159,342455;159,344107;0,001652;;0,001652;-0,000108;-0,00176
1020;159,344107;;159,344107;159,344107;0;;-0,000108;-0,010592;-0,010484
1021;159,344107;;159,344107;159,344215;0,000108;;-0,010592;0,009822;0,020414
1022;159,344215;;159,344215;159,354915;0,0107;;0,009822;0,000771;-0,009051
1023;159,354915;;159,354915;159,355793;0,000878;;0,000771;-0,00097;-0,001741
1024;159,355793;;159,355793;159,3559;0,000107;;-0,00097;0,001077;0,002047
1025;159,3559;;159,3559;159,356977;0,001077;;0,001077;-9,40E-05;-0,001171
1026;159,356977;;159,356977;159,356977;0;;-9,40E-05;-0,002319;-0,002225
1027;159,356977;;159,356977;159,357071;9,40E-05;;-0,002319;0,002245;0,004564
1028;159,357071;;159,357071;159,359484;0,002413;;0,002245;-0,001046;-0,003291
1029;159,359484;;159,359484;159,359652;0,000168;;-0,001046;0,001119;0,002165
1030;159,359652;;159,359652;159,360866;0,001214;;0,001119;-0,000984;-0,002103
1031;159,360866;;159,360866;159,360961;9,50E-05;;-0,000984;0,000998;0,001982
1032;159,360961;;159,360961;159,36204;0,001079;;0,000998;-0,001446;-0,002444
1033;159,36204;;159,36204;159,362121;8,10E-05;;-0,001446;0,001374;0,00282
1034;159,362121;;159,362121;159,363648;0,001527;;0,001374;-0,008131;-0,009505
1035;159,363648;;159,363648;159,363801;0,000153;;-0,008131;0,008284;0,016415
1036;159,363801;;159,363801;159,372085;0,008284;;0,008284;-0,000179;-0,008463
1037;159,372085;;159,372085;159,372085;0;;-0,000179;-0,000614;-0,000435
1038;159,372085;;159,372085;159,372264;0,000179;;-0,000614;0,000793;0,001407
1039;159,372264;;159,372264;159,373057;0,000793;;0,000793;-0,000138;-0,000931
1040;159,373057;;159,373057;159,373057;0;;-0,000138;-0,003314;-0,003176
1041;159,373057;;159,373057;159,373195;0,000138;;-0,003314;0,003452;0,006766
1042;159,373195;;159,373195;159,376647;0,003452;;0,003452;-0,000179;-0,003631
1043;159,376647;;159,376647;159,376647;0;;-0,000179;-0,000698;-0,000519
1044;159,376647;;159,376647;159,376826;0,000179;;-0,000698;0,000877;0,001575
1045;159,376826;;159,376826;159,377703;0,000877;;0,000877;0;-0,000877
1046;159,377703;;159,377703;159,377703;0;;0;0;0
1047;159,377703;;159,377703;159,377703;0;;0;0;0
1048;159,377703;;159,377703;159,377703;0;;0;-0,000111;-0,000111
1049;159,377703;;159,377703;159,377703;0;;-0,000111;1,00E-06;0,000112
1050;159,377703;;159,377703;159,377814;0,000111;;1,00E-06;3,10E-05;3,00E-05
1051;159,377814;;159,377814;159,377924;0,00011;;3,10E-05;1,00E-05;-2,10E-05
1052;159,377924;;159,377924;159,378003;7,90E-05;;1,00E-05;-6,00E-06;-1,60E-05
1053;159,378003;;159,378003;159,378072;6,90E-05;;-6,00E-06;-0,000266;-0,00026
1054;159,378072;;159,378072;159,378147;7,50E-05;;-0,000266;0,000284;0,00055
1055;159,378147;;159,378147;159,378488;0,000341;;0,000284;-0,000377;-0,000661
1056;159,378488;;159,378488;159,378545;5,70E-05;;-0,000377;0,000434;0,000811
1057;159,378545;;159,378545;159,378979;0,000434;;0,000434;-0,000111;-0,000545
1058;159,378979;;159,378979;159,378979;0;;-0,000111;-0,000509;-0,000398
1059;159,378979;;159,378979;159,37909;0,000111;;-0,000509;0,000519;0,001028
1060;159,37909;;159,37909;159,37971;0,00062;;0,000519;-0,000691;-0,00121
1061;159,37971;;159,37971;159,379811;0,000101;;-0,000691;0,000709;0,0014
1062;159,379811;;159,379811;159,380603;0,000792;;0,000709;-0,00062;-0,001329
1063;159,380603;;159,380603;159,380686;8,30E-05;;-0,00062;-0,000471;0,000149
1064;159,380686;;159,380686;159,381389;0,000703;;-0,000471;0,001103;0,001574
1065;159,381389;;159,381389;159,382563;0,001174;;0,001103;-0,000862;-0,001965
1066;159,382563;;159,382563;159,382634;7,10E-05;;-0,000862;0,00086;0,001722
1067;159,382634;;159,382634;159,383567;0,000933;;0,00086;-0,011872;-0,012732
1068;159,383567;;159,383567;159,38364;7,30E-05;;-0,011872;0,011945;0,023817
1069;159,38364;;159,38364;159,395585;0,011945;;0,011945;-0,000194;-0,012139
1070;159,395585;;159,395585;159,395585;0;;-0,000194;-0,000651;-0,000457
1071;159,395585;;159,395585;159,395779;0,000194;;-0,000651;0,00076;0,001411
1072;159,395779;;159,395779;159,396624;0,000845;;0,00076;-0,000449;-0,001209
1073;159,396624;;159,396624;159,396709;8,50E-05;;-0,000449;-0,000213;0,000236
1074;159,396709;;159,396709;159,397243;0,000534;;-0,000213;0,000687;0,0009
1075;159,397243;;159,397243;159,39799;0,000747;;0,000687;-0,000875;-0,001562
1076;159,39799;;159,39799;159,39805;6,00E-05;;-0,000875;-0,000984;-0,000109
1077;159,39805;;159,39805;159,398985;0,000935;;-0,000984;0,001919;0,002903
1078;159,398985;;159,398985;159,400904;0,001919;;0,001919;-8,60E-05;-0,002005
1079;159,400904;;159,400904;159,400904;0;;-8,60E-05;-2,10E-05;6,50E-05
1080;159,400904;;159,400904;159,40099;8,60E-05;;-2,10E-05;-0,000125;-0,000104
1081;159,40099;;159,40099;159,401097;0,000107;;-0,000125;0,000177;0,000302
1082;159,401097;;159,401097;159,401329;0,000232;;0,000177;-0,000751;-0,000928
1083;159,401329;;159,401329;159,401384;5,50E-05;;-0,000751;0,000734;0,001485
1084;159,401384;;159,401384;159,40219;0,000806;;0,000734;-0,000938;-0,001672
1085;159,40219;;159,40219;159,402262;7,20E-05;;-0,000938;0,000946;0,001884
1086;159,402262;;159,402262;159,403272;0,00101;;0,000946;-0,000355;-0,001301
1087;159,403272;;159,403272;159,403336;6,40E-05;;-0,000355;-0,001726;-0,001371
1088;159,403336;;159,403336;159,403755;0,000419;;-0,001726;0,002145;0,003871
1089;159,403755;;159,403755;159,4059;0,002145;;0,002145;-0,000102;-0,002247
1090;159,4059;;159,4059;159,4059;0;;-0,000102;-4,50E-05;5,70E-05
1091;159,4059;;159,4059;159,406002;0,000102;;-4,50E-05;-0,002571;-0,002526
1092;159,406002;;159,406002;159,406149;0,000147;;-0,002571;0,002718;0,005289
1093;159,406149;;159,406149;159,408867;0,002718;;0,002718;-0,000261;-0,002979
1094;159,408867;;159,408867;159,408867;0;;-0,000261;-9,10E-05;0,00017
1095;159,408867;;159,408867;159,409128;0,000261;;-9,10E-05;-2,70E-05;6,40E-05
1096;159,409128;;159,409128;159,40948;0,000352;;-2,70E-05;0,000302;0,000329
1097;159,40948;;159,40948;159,409859;0,000379;;0,000302;-0,000139;-0,000441
1098;159,409859;;159,409859;159,409936;7,70E-05;;-0,000139;0,000216;0,000355
1099;159,409936;;159,409936;159,410152;0,000216;;0,000216;-7,60E-05;-0,000292
1100;159,410152;;159,410152;159,410152;0;;-7,60E-05;-1,10E-05;6,50E-05
1101;159,410152;;159,410152;159,410228;7,60E-05;;-1,10E-05;-0,001699;-0,001688
1102;159,410228;;159,410228;159,410315;8,70E-05;;-0,001699;0,001786;0,003485
1103;159,410315;;159,410315;159,412101;0,001786;;0,001786;-6,80E-05;-0,001854
1104;159,412101;;159,412101;159,412101;0;;-6,80E-05;-0,000817;-0,000749
1105;159,412101;;159,412101;159,412169;6,80E-05;;-0,000817;0,00079;0,001607
1106;159,412169;;159,412169;159,413054;0,000885;;0,00079;-0,00069;-0,00148
1107;159,413054;;159,413054;159,413149;9,50E-05;;-0,00069;0,000785;0,001475
1108;159,413149;;159,413149;159,413934;0,000785;;0,000785;-7,70E-05;-0,000862
1109;159,413934;;159,413934;159,413934;0;;-7,70E-05;-0,00244;-0,002363
1110;159,413934;;159,413934;159,414011;7,70E-05;;-0,00244;0,002517;0,004957
1111;159,414011;;159,414011;159,416528;0,002517;;0,002517;-6,60E-05;-0,002583
1112;159,416528;;159,416528;159,416528;0;;-6,60E-05;-2,70E-05;3,90E-05
1113;159,416528;;159,416528;159,416594;6,60E-05;;-2,70E-05;-8,20E-05;-5,50E-05
1114;159,416594;;159,416594;159,416687;9,30E-05;;-8,20E-05;0,000122;0,000204
1115;159,416687;;159,416687;159,416862;0,000175;;0,000122;-0,000488;-0,00061
1116;159,416862;;159,416862;159,416915;5,30E-05;;-0,000488;0,000484;0,000972
1117;159,416915;;159,416915;159,417456;0,000541;;0,000484;-0,001718;-0,002202
1118;159,417456;;159,417456;159,417513;5,70E-05;;-0,001718;0,00021;0,001928
1119;159,417513;;159,417513;159,419288;0,001775;;0,00021;0,00151;0,0013
1120;159,419288;;159,419288;159,420853;0,001565;;0,00151;-0,000796;-0,002306
1121;159,420853;;159,420853;159,420908;5,50E-05;;-0,000796;9,70E-05;0,000893
1122;159,420908;;159,420908;159,421759;0,000851;;9,70E-05;0,00066;0,000563
1123;159,421759;;159,421759;159,422513;0,000754;;0,00066;-0,001196;-0,001856
1124;159,422513;;159,422513;159,422607;9,40E-05;;-0,001196;0,00129;0,002486
1125;159,422607;;159,422607;159,423897;0,00129;;0,00129;-0,000104;-0,001394
1126;159,423897;;159,423897;159,423897;0;;-0,000104;-5,00E-05;5,40E-05
1127;159,423897;;159,423897;159,424001;0,000104;;-5,00E-05;-0,018736;-0,018686
1128;159,424001;;159,424001;159,424155;0,000154;;-0,018736;0,01797;0,036706
1129;159,424155;;159,424155;159,443045;0,01889;;0,01797;0,00092;-0,01705
1130;159,443045;;159,443045;159,443965;0,00092;;0,00092;0;-0,00092
1131;159,443965;;159,443965;159,443965;0;;0;0;0
1132;159,443965;;159,443965;159,443965;0;;0;-0,000127;-0,000127
1133;159,443965;;159,443965;159,443965;0;;-0,000127;-4,00E-05;8,70E-05
1134;159,443965;;159,443965;159,444092;0,000127;;-4,00E-05;-0,002089;-0,002049
1135;159,444092;;159,444092;159,444259;0,000167;;-0,002089;0,002256;0,004345
1136;159,444259;;159,444259;159,446515;0,002256;;0,002256;0;-0,002256
1137;159,446515;;159,446515;159,446515;0;;0;0;0
1138;159,446515;;159,446515;159,446515;0;;0;0;0
1139;159,446515;;159,446515;159,446515;0;;0;0;0
1140;159,446515;;159,446515;159,446515;0;;0;0;0
1141;159,446515;;159,446515;159,446515;0;;0;0;0
1142;159,446515;;159,446515;159,446515;0;;0;0;0
1143;159,446515;;159,446515;159,446515;0;;0;0;0
1144;159,446515;;159,446515;159,446515;0;;0;0;0
1145;159,446515;;159,446515;159,446515;0;;0;-0,000181;-0,000181
1146;159,446515;;159,446515;159,446515;0;;-0,000181;8,40E-05;0,000265
1147;159,446515;;159,446515;159,446696;0,000181;;8,40E-05;1,30E-05;-7,10E-05
1148;159,446696;;159,446696;159,446793;9,70E-05;;1,30E-05;-0,000698;-0,000711
1149;159,446793;;159,446793;159,446877;8,40E-05;;-0,000698;0,000782;0,00148
1150;159,446877;;159,446877;159,447659;0,000782;;0,000782;0;-0,000782
1151;159,447659;;159,447659;159,447659;0;;0;0;0
1152;159,447659;;159,447659;159,447659;0;;0;0;0
1153;159,447659;;159,447659;159,447659;0;;0;-9,80E-05;-9,80E-05
1154;159,447659;;159,447659;159,447659;0;;-9,80E-05;1,00E-05;0,000108
1155;159,447659;;159,447659;159,447757;9,80E-05;;1,00E-05;1,30E-05;3,00E-06
1156;159,447757;;159,447757;159,447845;8,80E-05;;1,30E-05;7,00E-06;-6,00E-06
1157;159,447845;;159,447845;159,44792;7,50E-05;;7,00E-06;-0,000301;-0,000308
1158;159,44792;;159,44792;159,447988;6,80E-05;;-0,000301;0,000369;0,00067
1159;159,447988;;159,447988;159,448357;0,000369;;0,000369;-7,00E-05;-0,000439
1160;159,448357;;159,448357;159,448357;0;;-7,00E-05;-0,001533;-0,001463
1161;159,448357;;159,448357;159,448427;7,00E-05;;-0,001533;0,001603;0,003136
1162;159,448427;;159,448427;159,45003;0,001603;;0,001603;-0,000103;-0,001706
1163;159,45003;;159,45003;159,45003;0;;-0,000103;-1,10E-05;9,20E-05
1164;159,45003;;159,45003;159,450133;0,000103;;-1,10E-05;-0,000112;-0,000101
1165;159,450133;;159,450133;159,450247;0,000114;;-0,000112;0,000226;0,000338
1166;159,450247;;159,450247;159,450473;0,000226;;0,000226;-6,50E-05;-0,000291
1167;159,450473;;159,450473;159,450473;0;;-6,50E-05;-0,000453;-0,000388
1168;159,450473;;159,450473;159,450538;6,50E-05;;-0,000453;0,000518;0,000971
1169;159,450538;;159,450538;159,451056;0,000518;;0,000518;-0,000101;-0,000619
1170;159,451056;;159,451056;159,451056;0;;-0,000101;-8,00E-06;9,30E-05
1171;159,451056;;159,451056;159,451157;0,000101;;-8,00E-06;-0,00046;-0,000452
1172;159,451157;;159,451157;159,451266;0,000109;;-0,00046;-0,000503;-4,30E-05
1173;159,451266;;159,451266;159,451835;0,000569;;-0,000503;0,001072;0,001575
1174;159,451835;;159,451835;159,452907;0,001072;;0,001072;-9,40E-05;-0,001166
1175;159,452907;;159,452907;159,452907;0;;-9,40E-05;-0,00062;-0,000526
1176;159,452907;;159,452907;159,453001;9,40E-05;;-0,00062;0,000629;0,001249
1177;159,453001;;159,453001;159,453715;0,000714;;0,000629;-0,002013;-0,002642
1178;159,453715;;159,453715;159,4538;8,50E-05;;-0,002013;0,002098;0,004111
1179;159,4538;;159,4538;159,455898;0,002098;;0,002098;-0,000108;-0,002206
1180;159,455898;;159,455898;159,455898;0;;-0,000108;-5,80E-05;5,00E-05
1181;159,455898;;159,455898;159,456006;0,000108;;-5,80E-05;-0,00022;-0,000162
1182;159,456006;;159,456006;159,456172;0,000166;;-0,00022;0,000386;0,000606
1183;159,456172;;159,456172;159,456558;0,000386;;0,000386;-9,70E-05;-0,000483
1184;159,456558;;159,456558;159,456558;0;;-9,70E-05;-0,000697;-0,0006
1185;159,456558;;159,456558;159,456655;9,70E-05;;-0,000697;0,000794;0,001491
1186;159,456655;;159,456655;159,457449;0,000794;;0,000794;-0,000171;-0,000965
1187;159,457449;;159,457449;159,457449;0;;-0,000171;-0,001338;-0,001167
1188;159,457449;;159,457449;159,45762;0,000171;;-0,001338;0,001509;0,002847
1189;159,45762;;159,45762;159,459129;0,001509;;0,001509;-0,000118;-0,001627
1190;159,459129;;159,459129;159,459129;0;;-0,000118;-8,00E-06;0,00011
1191;159,459129;;159,459129;159,459247;0,000118;;-8,00E-06;-0,000272;-0,000264
1192;159,459247;;159,459247;159,459373;0,000126;;-0,000272;0,000398;0,00067
1193;159,459373;;159,459373;159,459771;0,000398;;0,000398;0;-0,000398
1194;159,459771;;159,459771;159,459771;0;;0;-7,90E-05;-7,90E-05
1195;159,459771;;159,459771;159,459771;0;;-7,90E-05;-8,00E-06;7,10E-05
1196;159,459771;;159,459771;159,45985;7,90E-05;;-8,00E-06;1,50E-05;2,30E-05
1197;159,45985;;159,45985;159,459937;8,70E-05;;1,50E-05;-0,001103;-0,001118
1198;159,459937;;159,459937;159,460009;7,20E-05;;-0,001103;0,001175;0,002278
1199;159,460009;;159,460009;159,461184;0,001175;;0,001175;-0,00011;-0,001285
1200;159,461184;;159,461184;159,461184;0;;-0,00011;-0,001844;-0,001734
1201;159,461184;;159,461184;159,461294;0,00011;;-0,001844;0,001756;0,0036
1202;159,461294;;159,461294;159,463248;0,001954;;0,001756;-0,000249;-0,002005
1203;159,463248;;159,463248;159,463446;0,000198;;-0,000249;0,000447;0,000696
1204;159,463446;;159,463446;159,463893;0,000447;;0,000447;0;-0,000447
1205;159,463893;;159,463893;159,463893;0;;0;0;0
1206;159,463893;;159,463893;159,463893;0;;0;-0,000166;-0,000166
1207;159,463893;;159,463893;159,463893;0;;-0,000166;2,20E-05;0,000188
1208;159,463893;;159,463893;159,464059;0,000166;;2,20E-05;-0,010983;-0,011005
1209;159,464059;;159,464059;159,464203;0,000144;;-0,010983;0,011127;0,02211
1210;159,464203;;159,464203;159,47533;0,011127;;0,011127;-0,000237;-0,011364
1211;159,47533;;159,47533;159,47533;0;;-0,000237;-0,000527;-0,00029
1212;159,47533;;159,47533;159,475567;0,000237;;-0,000527;0,000144;0,000671
1213;159,475567;;159,475567;159,476331;0,000764;;0,000144;0,00062;0,000476
1214;159,476331;;159,476331;159,476951;0,00062;;0,00062;-0,000121;-0,000741
1215;159,476951;;159,476951;159,476951;0;;-0,000121;-0,000754;-0,000633
1216;159,476951;;159,476951;159,477072;0,000121;;-0,000754;0,000781;0,001535
1217;159,477072;;159,477072;159,477947;0,000875;;0,000781;-0,00077;-0,001551
1218;159,477947;;159,477947;159,478041;9,40E-05;;-0,00077;0,000864;0,001634
1219;159,478041;;159,478041;159,478905;0,000864;;0,000864;-9,30E-05;-0,000957
1220;159,478905;;159,478905;159,478905;0;;-9,30E-05;-0,0005;-0,000407
1221;159,478905;;159,478905;159,478998;9,30E-05;;-0,0005;-0,000583;-8,30E-05
1222;159,478998;;159,478998;159,479591;0,000593;;-0,000583;0,001176;0,001759
1223;159,479591;;159,479591;159,480767;0,001176;;0,001176;-0,000118;-0,001294
1224;159,480767;;159,480767;159,480767;0;;-0,000118;-0,000297;-0,000179
1225;159,480767;;159,480767;159,480885;0,000118;;-0,000297;0,000318;0,000615
1226;159,480885;;159,480885;159,4813;0,000415;;0,000318;-0,003471;-0,003789
1227;159,4813;;159,4813;159,481397;9,70E-05;;-0,003471;0,003568;0,007039
1228;159,481397;;159,481397;159,484965;0,003568;;0,003568;-9,50E-05;-0,003663
1229;159,484965;;159,484965;159,484965;0;;-9,50E-05;-0,000148;-5,30E-05
1230;159,484965;;159,484965;159,48506;9,50E-05;;-0,000148;-0,000396;-0,000248
1231;159,48506;;159,48506;159,485303;0,000243;;-0,000396;0,000556;0,000952
1232;159,485303;;159,485303;159,485942;0,000639;;0,000556;-0,00163;-0,002186
1233;159,485942;;159,485942;159,486025;8,30E-05;;-0,00163;0,001713;0,003343
1234;159,486025;;159,486025;159,487738;0,001713;;0,001713;-9,40E-05;-0,001807
1235;159,487738;;159,487738;159,487738;0;;-9,40E-05;-0,000922;-0,000828
1236;159,487738;;159,487738;159,487832;9,40E-05;;-0,000922;0,001016;0,001938
1237;159,487832;;159,487832;159,488848;0,001016;;0,001016;-0,000151;-0,001167
1238;159,488848;;159,488848;159,488848;0;;-0,000151;2,00E-05;0,000171
1239;159,488848;;159,488848;159,488999;0,000151;;2,00E-05;-0,000229;-0,000249
1240;159,488999;;159,488999;159,48913;0,000131;;-0,000229;-0,001017;-0,000788
1241;159,48913;;159,48913;159,48949;0,00036;;-0,001017;0,001377;0,002394
1242;159,48949;;159,48949;159,490867;0,001377;;0,001377;-0,000173;-0,00155
1243;159,490867;;159,490867;159,490867;0;;-0,000173;-0,001677;-0,001504
1244;159,490867;;159,490867;159,49104;0,000173;;-0,001677;0,00185;0,003527
1245;159,49104;;159,49104;159,49289;0,00185;;0,00185;-0,000174;-0,002024
1246;159,49289;;159,49289;159,49289;0;;-0,000174;-0,008871;-0,008697
1247;159,49289;;159,49289;159,493064;0,000174;;-0,008871;0,009045;0,017916
1248;159,493064;;159,493064;159,502109;0,009045;;0,009045;-0,000157;-0,009202
1249;159,502109;;159,502109;159,502109;0;;-0,000157;-1,10E-05;0,000146
1250;159,502109;;159,502109;159,502266;0,000157;;-1,10E-05;-0,000876;-0,000865
1251;159,502266;;159,502266;159,502434;0,000168;;-0,000876;0,001044;0,00192
1252;159,502434;;159,502434;159,503478;0,001044;;0,001044;0;-0,001044
1253;159,503478;;159,503478;159,503478;0;;0;0;0
1254;159,503478;;159,503478;159,503478;0;;0;0;0
1255;159,503478;;159,503478;159,503478;0;;0;0;0
1256;159,503478;;159,503478;159,503478;0;;0;-0,000138;-0,000138
1257;159,503478;;159,503478;159,503478;0;;-0,000138;-1,00E-05;0,000128
1258;159,503478;;159,503478;159,503616;0,000138;;-1,00E-05;6,30E-05;7,30E-05
1259;159,503616;;159,503616;159,503764;0,000148;;6,30E-05;-0,013175;-0,013238
1260;159,503764;;159,503764;159,503849;8,50E-05;;-0,013175;0,01326;0,026435
1261;159,503849;;159,503849;159,517109;0,01326;;0,01326;-0,000178;-0,013438
1262;159,517109;;159,517109;159,517109;0;;-0,000178;-0,001908;-0,00173
1263;159,517109;;159,517109;159,517287;0,000178;;-0,001908;0,002086;0,003994
1264;159,517287;;159,517287;159,519373;0,002086;;0,002086;-0,000105;-0,002191
1265;159,519373;;159,519373;159,519373;0;;-0,000105;-0,000777;-0,000672
1266;159,519373;;159,519373;159,519478;0,000105;;-0,000777;0,000882;0,001659
1267;159,519478;;159,519478;159,52036;0,000882;;0,000882;0;-0,000882
1268;159,52036;;159,52036;159,52036;0;;0;0;0
1269;159,52036;;159,52036;159,52036;0;;0;-0,000122;-0,000122
1270;159,52036;;159,52036;159,52036;0;;-0,000122;1,50E-05;0,000137
1271;159,52036;;159,52036;159,520482;0,000122;;1,50E-05;3,10E-05;1,60E-05
1272;159,520482;;159,520482;159,520589;0,000107;;3,10E-05;-0,007419;-0,00745
1273;159,520589;;159,520589;159,520665;7,60E-05;;-0,007419;0,007495;0,014914
1274;159,520665;;159,520665;159,52816;0,007495;;0,007495;-0,000159;-0,007654
1275;159,52816;;159,52816;159,52816;0;;-0,000159;-0,000578;-0,000419
1276;159,52816;;159,52816;159,528319;0,000159;;-0,000578;0,000737;0,001315
1277;159,528319;;159,528319;159,529056;0,000737;;0,000737;-0,000115;-0,000852
1278;159,529056;;159,529056;159,529056;0;;-0,000115;-0,000791;-0,000676
1279;159,529056;;159,529056;159,529171;0,000115;;-0,000791;0,000906;0,001697
1280;159,529171;;159,529171;159,530077;0,000906;;0,000906;-0,000386;-0,001292
1281;159,530077;;159,530077;159,530077;0;;-0,000386;-0,002103;-0,001717
1282;159,530077;;159,530077;159,530463;0,000386;;-0,002103;0,002489;0,004592
1283;159,530463;;159,530463;159,532952;0,002489;;0,002489;0;-0,002489
1284;159,532952;;159,532952;159,532952;0;;0;0;0
1285;159,532952;;159,532952;159,532952;0;;0;0;0
1286;159,532952;;159,532952;159,532952;0;;0;-0,000125;-0,000125
1287;159,532952;;159,532952;159,532952;0;;-0,000125;-0,000344;-0,000219
1288;159,532952;;159,532952;159,533077;0,000125;;-0,000344;0,000402;0,000746
1289;159,533077;;159,533077;159,533546;0,000469;;0,000402;-0,000264;-0,000666
1290;159,533546;;159,533546;159,533613;6,70E-05;;-0,000264;0,000268;0,000532
1291;159,533613;;159,533613;159,533944;0,000331;;0,000268;-0,004772;-0,00504
1292;159,533944;;159,533944;159,534007;6,30E-05;;-0,004772;0,004835;0,009607
1293;159,534007;;159,534007;159,538842;0,004835;;0,004835;0;-0,004835
1294;159,538842;;159,538842;159,538842;0;;0;0;0
1295;159,538842;;159,538842;159,538842;0;;0;0;0
1296;159,538842;;159,538842;159,538842;0;;0;0;0
1297;159,538842;;159,538842;159,538842;0;;0;0;0
1298;159,538842;;159,538842;159,538842;0;;0;0;0
1299;159,538842;;159,538842;159,538842;0;;0;-0,000228;-0,000228
1300;159,538842;;159,538842;159,538842;0;;-0,000228;8,90E-05;0,000317
1301;159,538842;;159,538842;159,53907;0,000228;;8,90E-05;6,30E-05;-2,60E-05
1302;159,53907;;159,53907;159,539209;0,000139;;6,30E-05;-0,000275;-0,000338
1303;159,539209;;159,539209;159,539285;7,60E-05;;-0,000275;0,000351;0,000626
1304;159,539285;;159,539285;159,539636;0,000351;;0,000351;0;-0,000351
1305;159,539636;;159,539636;159,539636;0;;0;-0,000113;-0,000113
1306;159,539636;;159,539636;159,539636;0;;-0,000113;-3,50E-05;7,80E-05
1307;159,539636;;159,539636;159,539749;0,000113;;-3,50E-05;-0,000718;-0,000683
1308;159,539749;;159,539749;159,539897;0,000148;;-0,000718;0,000774;0,001492
1309;159,539897;;159,539897;159,540763;0,000866;;0,000774;-0,005898;-0,006672
1310;159,540763;;159,540763;159,540855;9,20E-05;;-0,005898;0,00599;0,011888
1311;159,540855;;159,540855;159,546845;0,00599;;0,00599;0;-0,00599
1312;159,546845;;159,546845;159,546845;0;;0;-0,000167;-0,000167
1313;159,546845;;159,546845;159,546845;0;;-0,000167;-0,000238;-7,10E-05
1314;159,546845;;159,546845;159,547012;0,000167;;-0,000238;0,000405;0,000643
1315;159,547012;;159,547012;159,547417;0,000405;;0,000405;0;-0,000405
1316;159,547417;;159,547417;159,547417;0;;0;-7,80E-05;-7,80E-05
1317;159,547417;;159,547417;159,547417;0;;-7,80E-05;-2,00E-05;5,80E-05
1318;159,547417;;159,547417;159,547495;7,80E-05;;-2,00E-05;-0,016194;-0,016174
1319;159,547495;;159,547495;159,547593;9,80E-05;;-0,016194;0,016148;0,032342
1320;159,547593;;159,547593;159,563885;0,016292;;0,016148;-0,000248;-0,016396
1321;159,563885;;159,563885;159,564029;0,000144;;-0,000248;0,000392;0,00064
1322;159,564029;;159,564029;159,564421;0,000392;;0,000392;0;-0,000392
1323;159,564421;;159,564421;159,564421;0;;0;0;0
1324;159,564421;;159,564421;159,564421;0;;0;0;0
1325;159,564421;;159,564421;159,564421;0;;0;-0,000123;-0,000123
1326;159,564421;;159,564421;159,564421;0;;-0,000123;-0,516679;-0,516556
1327;159,564421;;159,564421;159,564544;0,000123;;-0,516679;0,302152;0,818831
1328;159,564544;;159,564544;160,081346;0,516802;;0,302152;0,214518;-0,087634
1330;160,081346;;160,081346;160,295996;0,21465;;0,214518;-0,000521;-0,215039
1331;160,295996;;160,295996;160,296128;0,000132;;-0,000521;-0,23146;-0,230939
1332;160,296128;;160,296128;160,296781;0,000653;;-0,23146;0,232113;0,463573
1333;160,296781;;160,296781;160,528894;0,232113;;0,232113;-0,000152;-0,232265
1334;160,528894;;160,528894;160,528894;0;;-0,000152;1,60E-05;0,000168
1335;160,528894;;160,528894;160,529046;0,000152;;1,60E-05;-0,000143;-0,000159
1336;160,529046;;160,529046;160,529182;0,000136;;-0,000143;0,000229;0,000372
1337;160,529182;;160,529182;160,529461;0,000279;;0,000229;-0,003096;-0,003325
1338;160,529461;;160,529461;160,529511;5,00E-05;;-0,003096;0,003038;0,006134
1339;160,529511;;160,529511;160,532657;0,003146;;0,003038;-0,007063;-0,010101
1340;160,532657;;160,532657;160,532765;0,000108;;-0,007063;-0,211842;-0,204779
1341;160,532765;;160,532765;160,539936;0,007171;;-0,211842;0,217277;0,429119
1342;160,539936;;160,539936;160,758949;0,219013;;0,217277;0,001473;-0,215804
1343;160,758949;;160,758949;160,760685;0,001736;;0,001473;-0,216132;-0,217605
1344;160,760685;;160,760685;160,760948;0,000263;;-0,216132;0,215207;0,431339
1345;160,760948;;160,760948;160,977343;0,216395;;0,215207;-0,021875;-0,237082
1346;160,977343;;160,977343;160,978531;0,001188;;-0,021875;-0,02471;-0,002835
1347;160,978531;;160,978531;161,001594;0,023063;;-0,02471;0,0016;0,02631
1348;161,001594;;161,001594;161,049367;0,047773;;0,0016;-0,080509;-0,082109
1349;161,049367;;161,049367;161,09554;0,046173;;-0,080509;0,126567;0,207076
1350;161,09554;;161,09554;161,222222;0,126682;;0,126567;-0,124414;-0,250981
1351;161,222222;;161,222222;161,222337;0,000115;;-0,124414;-0,083099;0,041315
1352;161,222337;;161,222337;161,346866;0,124529;;-0,083099;0,207485;0,290584
1353;161,346866;;161,346866;161,554494;0,207628;;0,207485;-0,000386;-0,207871
1354;161,554494;;161,554494;161,554637;0,000143;;-0,000386;-0,21596;-0,215574
1355;161,554637;;161,554637;161,555166;0,000529;;-0,21596;0,214878;0,430838
1356;161,555166;;161,555166;161,771655;0,216489;;0,214878;0,001561;-0,213317
1357;161,771655;;161,771655;161,773266;0,001611;;0,001561;-0,000557;-0,002118
1358;161,773266;;161,773266;161,773316;5,00E-05;;-0,000557;0,000607;0,001164
1359;161,773316;;161,773316;161,773923;0,000607;;0,000607;-6,00E-05;-0,000667
1360;161,773923;;161,773923;161,773923;0;;-6,00E-05;-9,00E-06;5,10E-05
1361;161,773923;;161,773923;161,773983;6,00E-05;;-9,00E-06;-0,008218;-0,008209
1362;161,773983;;161,773983;161,774052;6,90E-05;;-0,008218;-0,129628;-0,12141
1363;161,774052;;161,774052;161,782339;0,008287;;-0,129628;0,137915;0,267543
1364;161,782339;;161,782339;161,920254;0,137915;;0,137915;-7,90E-05;-0,137994
1365;161,920254;;161,920254;161,920254;0;;-7,90E-05;-8,00E-06;7,10E-05
1366;161,920254;;161,920254;161,920333;7,90E-05;;-8,00E-06;-3,20E-05;-2,40E-05
1367;161,920333;;161,920333;161,92042;8,70E-05;;-3,20E-05;9,40E-05;0,000126
1368;161,92042;;161,92042;161,920539;0,000119;;9,40E-05;-0,076392;-0,076486
1369;161,920539;;161,920539;161,920564;2,50E-05;;-0,076392;0,074589;0,150981
1370;161,920564;;161,920564;161,996981;0,076417;;0,074589;0,001592;-0,072997
1371;161,996981;;161,996981;161,998809;0,001828;;0,001592;0,000236;-0,001356
1372;161,998809;;161,998809;161,999045;0,000236;;0,000236;-0,21361;-0,213846
1373;161,999045;;161,999045;161,999045;0;;-0,21361;0,208058;0,421668
1374;161,999045;;161,999045;162,212655;0,21361;;0,208058;-0,045523;-0,253581
1375;162,212655;;162,212655;162,218207;0,005552;;-0,045523;-0,017693;0,02783
1376;162,218207;;162,218207;162,269282;0,051075;;-0,017693;-0,147966;-0,130273
1377;162,269282;;162,269282;162,33805;0,068768;;-0,147966;0,216649;0,364615
1378;162,33805;;162,33805;162,554784;0,216734;;0,216649;-4,944586;-5,161235
1379;162,554784;;162,554784;162,554869;8,50E-05;;-4,944586;4,900567;9,845153
1380;162,554869;;162,554869;167,49954;4,944671;;4,900567;-0,172865;-5,073432
1383;167,49954;;167,49954;167,543644;0,044104;;-0,172865;0,16302;0,335885
1384;167,543644;;167,543644;167,760613;0,216969;;0,16302;0,053949;-0,109071
1385;167,760613;;167,760613;167,814562;0,053949;;;;
1386;167,814562;;;;;;;;
;;;;Total Delay ;164,242351;;;Total Jitter;-0,174983
;;;;Rata-rata Delay;0,118500975;;;Rata-rata Jitter;-0,00012625
